date,us_dollar_index
2017-01-01,103.146
2017-01-02,103.146
2017-01-03,103.146
2017-01-04,102.649
2017-01-05,101.453
2017-01-06,102.139
2017-01-07,101.844
2017-01-08,101.844
2017-01-09,101.844
2017-01-10,101.921
2017-01-11,101.672
2017-01-12,101.292
2017-01-13,101.118
2017-01-14,101.118
2017-01-15,101.118
2017-01-16,101.118
2017-01-17,100.22
2017-01-18,100.813
2017-01-19,101.039
2017-01-20,100.58
2017-01-21,100.04
2017-01-22,100.04
2017-01-23,100.04
2017-01-24,100.249
2017-01-25,99.924
2017-01-26,100.275
2017-01-27,100.421
2017-01-28,100.329
2017-01-29,100.329
2017-01-30,100.329
2017-01-31,99.426
2017-02-01,99.533
2017-02-02,99.713
2017-02-03,99.752
2017-02-04,99.775
2017-02-05,99.775
2017-02-06,99.775
2017-02-07,100.175
2017-02-08,100.204
2017-02-09,100.562
2017-02-10,100.721
2017-02-11,100.885
2017-02-12,100.885
2017-02-13,100.885
2017-02-14,101.148
2017-02-15,101.089
2017-02-16,100.365
2017-02-17,100.871
2017-02-18,100.871
2017-02-19,100.871
2017-02-20,100.871
2017-02-21,101.28
2017-02-22,101.124
2017-02-23,100.998
2017-02-24,101.04
2017-02-25,101.079
2017-02-26,101.079
2017-02-27,101.079
2017-02-28,101.049
2017-03-01,101.68
2017-03-02,102.104
2017-03-03,101.433
2017-03-04,101.525
2017-03-05,101.525
2017-03-06,101.525
2017-03-07,101.685
2017-03-08,101.951
2017-03-09,101.718
2017-03-10,101.107
2017-03-11,101.195
2017-03-12,101.195
2017-03-13,101.195
2017-03-14,101.409
2017-03-15,100.43
2017-03-16,100.03
2017-03-17,99.96
2017-03-18,100.074
2017-03-19,100.074
2017-03-20,100.074
2017-03-21,99.464
2017-03-22,99.318
2017-03-23,99.413
2017-03-24,99.292
2017-03-25,98.818
2017-03-26,98.818
2017-03-27,98.818
2017-03-28,99.389
2017-03-29,99.686
2017-03-30,100.125
2017-03-31,100.058
2017-04-01,100.252
2017-04-02,100.252
2017-04-03,100.252
2017-04-04,100.266
2017-04-05,100.281
2017-04-06,100.415
2017-04-07,100.947
2017-04-08,100.787
2017-04-09,100.787
2017-04-10,100.787
2017-04-11,100.452
2017-04-12,100.541
2017-04-13,100.298
2017-04-14,100.034
2017-04-15,100.034
2017-04-16,100.034
2017-04-17,100.034
2017-04-18,99.244
2017-04-19,99.473
2017-04-20,99.525
2017-04-21,99.72
2017-04-22,98.823
2017-04-23,98.823
2017-04-24,98.823
2017-04-25,98.498
2017-04-26,98.76
2017-04-27,98.795
2017-04-28,98.743
2017-04-29,98.775
2017-04-30,98.775
2017-05-01,98.775
2017-05-02,98.674
2017-05-03,98.912
2017-05-04,98.477
2017-05-05,98.353
2017-05-06,98.756
2017-05-07,98.756
2017-05-08,98.756
2017-05-09,99.359
2017-05-10,99.369
2017-05-11,99.315
2017-05-12,98.941
2017-05-13,98.606
2017-05-14,98.606
2017-05-15,98.606
2017-05-16,97.803
2017-05-17,97.282
2017-05-18,97.585
2017-05-19,96.845
2017-05-20,96.686
2017-05-21,96.686
2017-05-22,96.686
2017-05-23,97.069
2017-05-24,96.952
2017-05-25,96.981
2017-05-26,97.164
2017-05-27,97.164
2017-05-28,97.164
2017-05-29,97.164
2017-05-30,97.007
2017-05-31,96.649
2017-06-01,96.936
2017-06-02,96.45
2017-06-03,96.539
2017-06-04,96.539
2017-06-05,96.539
2017-06-06,96.361
2017-06-07,96.478
2017-06-08,96.652
2017-06-09,97.014
2017-06-10,96.846
2017-06-11,96.846
2017-06-12,96.846
2017-06-13,96.677
2017-06-14,96.591
2017-06-15,97.152
2017-06-16,96.866
2017-06-17,97.264
2017-06-18,97.264
2017-06-19,97.264
2017-06-20,97.202
2017-06-21,96.996
2017-06-22,97.063
2017-06-23,96.717
2017-06-24,96.901
2017-06-25,96.901
2017-06-26,96.901
2017-06-27,95.868
2017-06-28,95.529
2017-06-29,95.166
2017-06-30,95.221
2017-07-01,95.76
2017-07-02,95.76
2017-07-03,95.76
2017-07-04,95.76
2017-07-05,95.849
2017-07-06,95.365
2017-07-07,95.592
2017-07-08,95.58
2017-07-09,95.58
2017-07-10,95.58
2017-07-11,95.225
2017-07-12,95.312
2017-07-13,95.308
2017-07-14,94.73
2017-07-15,94.699
2017-07-16,94.699
2017-07-17,94.699
2017-07-18,94.187
2017-07-19,94.373
2017-07-20,93.902
2017-07-21,93.464
2017-07-22,93.583
2017-07-23,93.583
2017-07-24,93.583
2017-07-25,93.673
2017-07-26,93.3
2017-07-27,93.525
2017-07-28,92.929
2017-07-29,92.538
2017-07-30,92.538
2017-07-31,92.538
2017-08-01,92.711
2017-08-02,92.519
2017-08-03,92.527
2017-08-04,93.229
2017-08-05,93.129
2017-08-06,93.129
2017-08-07,93.129
2017-08-08,93.33
2017-08-09,93.25
2017-08-10,93.119
2017-08-11,92.771
2017-08-12,93.115
2017-08-13,93.115
2017-08-14,93.115
2017-08-15,93.559
2017-08-16,93.243
2017-08-17,93.334
2017-08-18,93.159
2017-08-19,92.817
2017-08-20,92.817
2017-08-21,92.817
2017-08-22,93.256
2017-08-23,92.875
2017-08-24,93.002
2017-08-25,92.477
2017-08-26,91.93
2017-08-27,91.93
2017-08-28,91.93
2017-08-29,91.959
2017-08-30,92.598
2017-08-31,92.393
2017-09-01,92.529
2017-09-02,92.529
2017-09-03,92.529
2017-09-04,92.529
2017-09-05,91.986
2017-09-06,92.017
2017-09-07,91.417
2017-09-08,91.106
2017-09-09,91.618
2017-09-10,91.618
2017-09-11,91.618
2017-09-12,91.626
2017-09-13,92.273
2017-09-14,91.889
2017-09-15,91.653
2017-09-16,91.824
2017-09-17,91.824
2017-09-18,91.824
2017-09-19,91.311
2017-09-20,92.051
2017-09-21,91.789
2017-09-22,91.707
2017-09-23,92.176
2017-09-24,92.176
2017-09-25,92.176
2017-09-26,92.511
2017-09-27,92.896
2017-09-28,92.652
2017-09-29,92.608
2017-09-30,93.13
2017-10-01,93.13
2017-10-02,93.13
2017-10-03,93.129
2017-10-04,93.014
2017-10-05,93.533
2017-10-06,93.366
2017-10-07,93.225
2017-10-08,93.225
2017-10-09,93.225
2017-10-10,92.821
2017-10-11,92.545
2017-10-12,92.613
2017-10-13,92.64
2017-10-14,92.871
2017-10-15,92.871
2017-10-16,92.871
2017-10-17,93.055
2017-10-18,92.938
2017-10-19,92.835
2017-10-20,93.289
2017-10-21,93.519
2017-10-22,93.519
2017-10-23,93.519
2017-10-24,93.366
2017-10-25,93.282
2017-10-26,94.204
2017-10-27,94.517
2017-10-28,94.169
2017-10-29,94.169
2017-10-30,94.169
2017-10-31,94.144
2017-11-01,94.419
2017-11-02,94.298
2017-11-03,94.568
2017-11-04,94.372
2017-11-05,94.372
2017-11-06,94.372
2017-11-07,94.505
2017-11-08,94.463
2017-11-09,94.047
2017-11-10,93.983
2017-11-11,94.083
2017-11-12,94.083
2017-11-13,94.083
2017-11-14,93.428
2017-11-15,93.416
2017-11-16,93.549
2017-11-17,93.255
2017-11-18,93.677
2017-11-19,93.677
2017-11-20,93.677
2017-11-21,93.547
2017-11-22,92.82
2017-11-23,92.82
2017-11-24,92.402
2017-11-25,92.53
2017-11-26,92.53
2017-11-27,92.53
2017-11-28,92.908
2017-11-29,92.802
2017-11-30,92.697
2017-12-01,92.541
2017-12-02,92.859
2017-12-03,92.859
2017-12-04,92.859
2017-12-05,93.004
2017-12-06,93.237
2017-12-07,93.414
2017-12-08,93.489
2017-12-09,93.47
2017-12-10,93.47
2017-12-11,93.47
2017-12-12,93.7
2017-12-13,93.024
2017-12-14,93.051
2017-12-15,93.463
2017-12-16,93.239
2017-12-17,93.239
2017-12-18,93.239
2017-12-19,92.692
2017-12-20,92.556
2017-12-21,92.537
2017-12-22,92.599
2017-12-23,92.476
2017-12-24,92.476
2017-12-25,92.476
2017-12-26,92.476
2017-12-27,92.287
2017-12-28,91.975
2017-12-29,91.501
2017-12-30,91.253
2017-12-31,91.253
2018-01-01,91.253
2018-01-02,91.253
2018-01-03,91.566
2018-01-04,91.251
2018-01-05,91.343
2018-01-06,91.76
2018-01-07,91.76
2018-01-08,91.76
2018-01-09,91.915
2018-01-10,91.7
2018-01-11,91.248
2018-01-12,90.375
2018-01-13,90.375
2018-01-14,90.375
2018-01-15,90.375
2018-01-16,89.811
2018-01-17,89.968
2018-01-18,89.947
2018-01-19,90.02
2018-01-20,89.861
2018-01-21,89.861
2018-01-22,89.861
2018-01-23,89.57
2018-01-24,88.676
2018-01-25,88.892
2018-01-26,88.576
2018-01-27,88.801
2018-01-28,88.801
2018-01-29,88.801
2018-01-30,88.684
2018-01-31,88.634
2018-02-01,88.19
2018-02-02,88.706
2018-02-03,89.08
2018-02-04,89.08
2018-02-05,89.08
2018-02-06,89.151
2018-02-07,89.798
2018-02-08,89.796
2018-02-09,90.004
2018-02-10,89.766
2018-02-11,89.766
2018-02-12,89.766
2018-02-13,89.252
2018-02-14,88.66
2018-02-15,88.17
2018-02-16,88.673
2018-02-17,88.673
2018-02-18,88.673
2018-02-19,88.673
2018-02-20,89.281
2018-02-21,89.553
2018-02-22,89.276
2018-02-23,89.433
2018-02-24,89.42
2018-02-25,89.42
2018-02-26,89.42
2018-02-27,89.895
2018-02-28,90.156
2018-03-01,89.881
2018-03-02,89.511
2018-03-03,89.641
2018-03-04,89.641
2018-03-05,89.641
2018-03-06,89.16
2018-03-07,89.185
2018-03-08,89.736
2018-03-09,89.64
2018-03-10,89.425
2018-03-11,89.425
2018-03-12,89.425
2018-03-13,89.193
2018-03-14,89.227
2018-03-15,89.681
2018-03-16,89.797
2018-03-17,89.332
2018-03-18,89.332
2018-03-19,89.332
2018-03-20,89.539
2018-03-21,88.944
2018-03-22,89.048
2018-03-23,88.628
2018-03-24,88.199
2018-03-25,88.199
2018-03-26,88.199
2018-03-27,88.578
2018-03-28,89.294
2018-03-29,89.392
2018-03-30,89.291
2018-03-31,89.291
2018-04-01,89.291
2018-04-02,89.291
2018-04-03,89.439
2018-04-04,89.358
2018-04-05,89.719
2018-04-06,89.357
2018-04-07,89.114
2018-04-08,89.114
2018-04-09,89.114
2018-04-10,88.87
2018-04-11,88.833
2018-04-12,89.031
2018-04-13,89.078
2018-04-14,88.71
2018-04-15,88.71
2018-04-16,88.71
2018-04-17,88.798
2018-04-18,88.927
2018-04-19,89.26
2018-04-20,89.625
2018-04-21,90.255
2018-04-22,90.255
2018-04-23,90.255
2018-04-24,90.082
2018-04-25,90.498
2018-04-26,90.915
2018-04-27,90.893
2018-04-28,91.18
2018-04-29,91.18
2018-04-30,91.18
2018-05-01,91.805
2018-05-02,91.884
2018-05-03,91.796
2018-05-04,91.953
2018-05-05,92.147
2018-05-06,92.147
2018-05-07,92.147
2018-05-08,92.513
2018-05-09,92.439
2018-05-10,92.071
2018-05-11,91.966
2018-05-12,92.007
2018-05-13,92.007
2018-05-14,92.007
2018-05-15,92.647
2018-05-16,92.836
2018-05-17,92.93
2018-05-18,93.099
2018-05-19,93.136
2018-05-20,93.136
2018-05-21,93.136
2018-05-22,93.066
2018-05-23,93.453
2018-05-24,93.236
2018-05-25,93.67
2018-05-26,93.67
2018-05-27,93.67
2018-05-28,93.67
2018-05-29,94.339
2018-05-30,93.67
2018-05-31,93.514
2018-06-01,93.729
2018-06-02,93.541
2018-06-03,93.541
2018-06-04,93.541
2018-06-05,93.426
2018-06-06,93.209
2018-06-07,92.941
2018-06-08,93.117
2018-06-09,93.165
2018-06-10,93.165
2018-06-11,93.165
2018-06-12,93.406
2018-06-13,93.359
2018-06-14,94.426
2018-06-15,94.447
2018-06-16,94.457
2018-06-17,94.457
2018-06-18,94.457
2018-06-19,94.279
2018-06-20,94.276
2018-06-21,93.969
2018-06-22,93.74
2018-06-23,93.504
2018-06-24,93.504
2018-06-25,93.504
2018-06-26,93.901
2018-06-27,94.524
2018-06-28,94.651
2018-06-29,93.914
2018-06-30,94.334
2018-07-01,94.334
2018-07-02,94.334
2018-07-03,93.977
2018-07-04,93.977
2018-07-05,93.798
2018-07-06,93.344
2018-07-07,93.382
2018-07-08,93.382
2018-07-09,93.382
2018-07-10,93.454
2018-07-11,94.056
2018-07-12,94.139
2018-07-13,94.09
2018-07-14,93.862
2018-07-15,93.862
2018-07-16,93.862
2018-07-17,94.284
2018-07-18,94.401
2018-07-19,94.517
2018-07-20,93.821
2018-07-21,94.025
2018-07-22,94.025
2018-07-23,94.025
2018-07-24,93.973
2018-07-25,93.719
2018-07-26,94.129
2018-07-27,94.055
2018-07-28,93.706
2018-07-29,93.706
2018-07-30,93.706
2018-07-31,93.865
2018-08-01,94.018
2018-08-02,94.567
2018-08-03,94.546
2018-08-04,94.777
2018-08-05,94.777
2018-08-06,94.777
2018-08-07,94.636
2018-08-08,94.475
2018-08-09,94.935
2018-08-10,95.803
2018-08-11,95.846
2018-08-12,95.846
2018-08-13,95.846
2018-08-14,96.2
2018-08-15,96.177
2018-08-16,96.136
2018-08-17,95.576
2018-08-18,95.364
2018-08-19,95.364
2018-08-20,95.364
2018-08-21,94.725
2018-08-22,94.626
2018-08-23,95.163
2018-08-24,94.643
2018-08-25,94.274
2018-08-26,94.274
2018-08-27,94.274
2018-08-28,94.21
2018-08-29,94.097
2018-08-30,94.264
2018-08-31,94.673
2018-09-01,94.673
2018-09-02,94.673
2018-09-03,94.673
2018-09-04,94.98
2018-09-05,94.729
2018-09-06,94.593
2018-09-07,94.939
2018-09-08,94.72
2018-09-09,94.72
2018-09-10,94.72
2018-09-11,94.83
2018-09-12,94.358
2018-09-13,94.097
2018-09-14,94.505
2018-09-15,94.076
2018-09-16,94.076
2018-09-17,94.076
2018-09-18,93.722
2018-09-19,93.604
2018-09-20,92.981
2018-09-21,93.273
2018-09-22,93.26
2018-09-23,93.26
2018-09-24,93.26
2018-09-25,93.191
2018-09-26,93.248
2018-09-27,93.984
2018-09-28,94.207
2018-09-29,94.399
2018-09-30,94.399
2018-10-01,94.399
2018-10-02,94.61
2018-10-03,94.871
2018-10-04,94.872
2018-10-05,94.775
2018-10-06,94.906
2018-10-07,94.906
2018-10-08,94.906
2018-10-09,94.816
2018-10-10,94.642
2018-10-11,94.191
2018-10-12,94.376
2018-10-13,94.219
2018-10-14,94.219
2018-10-15,94.219
2018-10-16,94.203
2018-10-17,94.742
2018-10-18,95.083
2018-10-19,94.878
2018-10-20,95.194
2018-10-21,95.194
2018-10-22,95.194
2018-10-23,95.158
2018-10-24,95.627
2018-10-25,95.9
2018-10-26,95.578
2018-10-27,95.8
2018-10-28,95.8
2018-10-29,95.8
2018-10-30,96.231
2018-10-31,96.341
2018-11-01,95.526
2018-11-02,95.783
2018-11-03,95.523
2018-11-04,95.523
2018-11-05,95.523
2018-11-06,95.557
2018-11-07,95.247
2018-11-08,95.985
2018-11-09,96.169
2018-11-10,96.802
2018-11-11,96.802
2018-11-12,96.802
2018-11-13,96.559
2018-11-14,96.074
2018-11-15,96.221
2018-11-16,95.763
2018-11-17,95.516
2018-11-18,95.516
2018-11-19,95.516
2018-11-20,96.166
2018-11-21,96.035
2018-11-22,96.035
2018-11-23,96.275
2018-11-24,96.429
2018-11-25,96.429
2018-11-26,96.429
2018-11-27,96.735
2018-11-28,96.151
2018-11-29,96.159
2018-11-30,96.656
2018-12-01,96.404
2018-12-02,96.404
2018-12-03,96.404
2018-12-04,96.337
2018-12-05,96.445
2018-12-06,96.224
2018-12-07,95.941
2018-12-08,96.663
2018-12-09,96.663
2018-12-10,96.663
2018-12-11,96.833
2018-12-12,96.503
2018-12-13,96.541
2018-12-14,96.91
2018-12-15,96.55
2018-12-16,96.55
2018-12-17,96.55
2018-12-18,96.06
2018-12-19,95.999
2018-12-20,95.243
2018-12-21,95.935
2018-12-22,95.507
2018-12-23,95.507
2018-12-24,95.507
2018-12-25,96.063
2018-12-26,96.063
2018-12-27,95.496
2018-12-28,95.46
2018-12-29,95.235
2018-12-30,95.235
2018-12-31,95.235
2019-01-01,95.913
2019-01-02,95.913
2019-01-03,95.383
2019-01-04,95.25
2019-01-05,94.738
2019-01-06,94.738
2019-01-07,94.738
2019-01-08,94.974
2019-01-09,94.295
2019-01-10,94.625
2019-01-11,94.761
2019-01-12,94.702
2019-01-13,94.702
2019-01-14,94.702
2019-01-15,95.155
2019-01-16,95.157
2019-01-17,95.188
2019-01-18,95.478
2019-01-19,95.478
2019-01-20,95.478
2019-01-21,95.478
2019-01-22,95.444
2019-01-23,95.247
2019-01-24,95.777
2019-01-25,94.95
2019-01-26,94.904
2019-01-27,94.904
2019-01-28,94.904
2019-01-29,94.986
2019-01-30,94.516
2019-01-31,94.794
2019-02-01,94.78
2019-02-02,95.05
2019-02-03,95.05
2019-02-04,95.05
2019-02-05,95.292
2019-02-06,95.627
2019-02-07,95.764
2019-02-08,95.891
2019-02-09,96.327
2019-02-10,96.327
2019-02-11,96.327
2019-02-12,95.973
2019-02-13,96.408
2019-02-14,96.285
2019-02-15,96.22
2019-02-16,96.22
2019-02-17,96.22
2019-02-18,96.22
2019-02-19,95.844
2019-02-20,95.789
2019-02-21,95.958
2019-02-22,95.882
2019-02-23,95.796
2019-02-24,95.796
2019-02-25,95.796
2019-02-26,95.39
2019-02-27,95.563
2019-02-28,95.558
2019-03-01,95.965
2019-03-02,96.1
2019-03-03,96.1
2019-03-04,96.1
2019-03-05,96.295
2019-03-06,96.304
2019-03-07,97.123
2019-03-08,96.759
2019-03-09,96.659
2019-03-10,96.659
2019-03-11,96.659
2019-03-12,96.379
2019-03-13,95.982
2019-03-14,96.239
2019-03-15,96.05
2019-03-16,95.983
2019-03-17,95.983
2019-03-18,95.983
2019-03-19,95.316
2019-03-20,94.696
2019-03-21,95.477
2019-03-22,95.641
2019-03-23,95.558
2019-03-24,95.558
2019-03-25,95.558
2019-03-26,95.715
2019-03-27,95.773
2019-03-28,96.249
2019-03-29,96.33
2019-03-30,96.284
2019-03-31,96.284
2019-04-01,96.284
2019-04-02,96.408
2019-04-03,96.152
2019-04-04,96.405
2019-04-05,96.487
2019-04-06,96.13
2019-04-07,96.13
2019-04-08,96.13
2019-04-09,96.091
2019-04-10,96.038
2019-04-11,96.279
2019-04-12,96.073
2019-04-13,96.031
2019-04-14,96.031
2019-04-15,96.031
2019-04-16,96.122
2019-04-17,96.128
2019-04-18,96.606
2019-04-19,96.41
2019-04-20,96.41
2019-04-21,96.41
2019-04-22,96.41
2019-04-23,96.77
2019-04-24,97.315
2019-04-25,97.379
2019-04-26,97.186
2019-04-27,97.041
2019-04-28,97.041
2019-04-29,97.041
2019-04-30,96.661
2019-05-01,96.87
2019-05-02,97.046
2019-05-03,96.72
2019-05-04,96.733
2019-05-05,96.733
2019-05-06,96.733
2019-05-07,96.864
2019-05-08,96.853
2019-05-09,96.629
2019-05-10,96.59
2019-05-11,96.585
2019-05-12,96.585
2019-05-13,96.585
2019-05-14,96.792
2019-05-15,96.846
2019-05-16,97.143
2019-05-17,97.289
2019-05-18,97.229
2019-05-19,97.229
2019-05-20,97.229
2019-05-21,97.361
2019-05-22,97.346
2019-05-23,97.193
2019-05-24,96.952
2019-05-25,96.952
2019-05-26,96.952
2019-05-27,96.952
2019-05-28,97.302
2019-05-29,97.5
2019-05-30,97.513
2019-05-31,97.136
2019-06-01,96.54
2019-06-02,96.54
2019-06-03,96.54
2019-06-04,96.484
2019-06-05,96.751
2019-06-06,96.475
2019-06-07,95.975
2019-06-08,96.205
2019-06-09,96.205
2019-06-10,96.205
2019-06-11,96.135
2019-06-12,96.46
2019-06-13,96.509
2019-06-14,97.065
2019-06-15,97.052
2019-06-16,97.052
2019-06-17,97.052
2019-06-18,96.718
2019-06-19,96.152
2019-06-20,95.738
2019-06-21,95.318
2019-06-22,95.102
2019-06-23,95.102
2019-06-24,95.102
2019-06-25,95.263
2019-06-26,95.343
2019-06-27,95.342
2019-06-28,95.266
2019-06-29,95.976
2019-06-30,95.976
2019-07-01,95.976
2019-07-02,95.839
2019-07-03,95.876
2019-07-04,95.876
2019-07-05,96.435
2019-07-06,96.514
2019-07-07,96.514
2019-07-08,96.514
2019-07-09,96.625
2019-07-10,96.246
2019-07-11,96.207
2019-07-12,95.974
2019-07-13,96.095
2019-07-14,96.095
2019-07-15,96.095
2019-07-16,96.588
2019-07-17,96.393
2019-07-18,96.004
2019-07-19,96.372
2019-07-20,96.495
2019-07-21,96.495
2019-07-22,96.495
2019-07-23,96.963
2019-07-24,96.989
2019-07-25,97.087
2019-07-26,97.276
2019-07-27,97.321
2019-07-28,97.321
2019-07-29,97.321
2019-07-30,97.334
2019-07-31,97.783
2019-08-01,97.674
2019-08-02,97.402
2019-08-03,96.898
2019-08-04,96.898
2019-08-05,96.898
2019-08-06,97.016
2019-08-07,96.96
2019-08-08,97.04
2019-08-09,96.927
2019-08-10,96.803
2019-08-11,96.803
2019-08-12,96.803
2019-08-13,97.231
2019-08-14,97.416
2019-08-15,97.6
2019-08-16,97.607
2019-08-17,97.821
2019-08-18,97.821
2019-08-19,97.821
2019-08-20,97.668
2019-08-21,97.771
2019-08-22,97.649
2019-08-23,97.11
2019-08-24,97.579
2019-08-25,97.579
2019-08-26,97.579
2019-08-27,97.49
2019-08-28,97.7
2019-08-29,98.027
2019-08-30,98.418
2019-08-31,98.418
2019-09-01,98.418
2019-09-02,98.418
2019-09-03,98.519
2019-09-04,97.958
2019-09-05,97.942
2019-09-06,97.925
2019-09-07,97.803
2019-09-08,97.803
2019-09-09,97.803
2019-09-10,97.857
2019-09-11,98.177
2019-09-12,97.876
2019-09-13,97.83
2019-09-14,98.175
2019-09-15,98.175
2019-09-16,98.175
2019-09-17,97.344
2019-09-18,97.694
2019-09-19,97.407
2019-09-20,97.696
2019-09-21,97.781
2019-09-22,97.781
2019-09-23,97.781
2019-09-24,97.487
2019-09-25,98.209
2019-09-26,98.315
2019-09-27,98.311
2019-09-28,98.571
2019-09-29,98.571
2019-09-30,98.571
2019-10-01,98.327
2019-10-02,98.244
2019-10-03,98.105
2019-10-04,98.058
2019-10-05,98.235
2019-10-06,98.235
2019-10-07,98.235
2019-10-08,98.392
2019-10-09,98.41
2019-10-10,97.996
2019-10-11,97.595
2019-10-12,97.78
2019-10-13,97.78
2019-10-14,97.78
2019-10-15,97.598
2019-10-16,97.308
2019-10-17,96.915
2019-10-18,96.603
2019-10-19,96.645
2019-10-20,96.645
2019-10-21,96.645
2019-10-22,96.851
2019-10-23,96.821
2019-10-24,96.985
2019-10-25,97.179
2019-10-26,97.1
2019-10-27,97.1
2019-10-28,97.1
2019-10-29,97.044
2019-10-30,97.019
2019-10-31,96.744
2019-11-01,96.64
2019-11-02,96.961
2019-11-03,96.961
2019-11-04,96.961
2019-11-05,97.405
2019-11-06,97.359
2019-11-07,97.579
2019-11-08,97.786
2019-11-09,97.608
2019-11-10,97.608
2019-11-11,97.608
2019-11-12,97.726
2019-11-13,97.805
2019-11-14,97.594
2019-11-15,97.451
2019-11-16,97.245
2019-11-17,97.245
2019-11-18,97.245
2019-11-19,97.322
2019-11-20,97.399
2019-11-21,97.484
2019-11-22,97.76
2019-11-23,97.803
2019-11-24,97.803
2019-11-25,97.803
2019-11-26,97.736
2019-11-27,97.853
2019-11-28,97.853
2019-11-29,97.767
2019-11-30,97.351
2019-12-01,97.351
2019-12-02,97.351
2019-12-03,97.256
2019-12-04,97.187
2019-12-05,96.956
2019-12-06,97.246
2019-12-07,97.179
2019-12-08,97.179
2019-12-09,97.179
2019-12-10,96.95
2019-12-11,96.616
2019-12-12,96.959
2019-12-13,96.745
2019-12-14,96.58
2019-12-15,96.58
2019-12-16,96.58
2019-12-17,96.418
2019-12-18,96.608
2019-12-19,96.6
2019-12-20,96.917
2019-12-21,96.875
2019-12-22,96.875
2019-12-23,96.875
2019-12-24,96.891
2019-12-25,96.755
2019-12-26,96.755
2019-12-27,96.187
2019-12-28,96.047
2019-12-29,96.047
2019-12-30,96.047
2019-12-31,95.688
2020-01-01,96.168
2020-01-02,96.168
2020-01-03,96.166
2020-01-04,95.995
2020-01-05,95.995
2020-01-06,95.995
2020-01-07,96.347
2020-01-08,96.636
2020-01-09,96.801
2020-01-10,96.703
2020-01-11,96.685
2020-01-12,96.685
2020-01-13,96.685
2020-01-14,96.72
2020-01-15,96.579
2020-01-16,96.682
2020-01-17,96.979
2020-01-18,96.979
2020-01-19,96.979
2020-01-20,96.979
2020-01-21,96.908
2020-01-22,96.92
2020-01-23,97.102
2020-01-24,97.265
2020-01-25,97.382
2020-01-26,97.382
2020-01-27,97.382
2020-01-28,97.45
2020-01-29,97.434
2020-01-30,97.321
2020-01-31,96.843
2020-02-01,97.265
2020-02-02,97.265
2020-02-03,97.265
2020-02-04,97.442
2020-02-05,97.788
2020-02-06,98.009
2020-02-07,98.201
2020-02-08,98.344
2020-02-09,98.344
2020-02-10,98.344
2020-02-11,98.227
2020-02-12,98.552
2020-02-13,98.588
2020-02-14,98.635
2020-02-15,98.635
2020-02-16,98.635
2020-02-17,98.635
2020-02-18,98.963
2020-02-19,99.227
2020-02-20,99.406
2020-02-21,98.81
2020-02-22,98.909
2020-02-23,98.909
2020-02-24,98.909
2020-02-25,98.536
2020-02-26,98.593
2020-02-27,98.131
2020-02-28,97.786
2020-02-29,97.046
2020-03-01,97.046
2020-03-02,97.046
2020-03-03,96.902
2020-03-04,97.101
2020-03-05,96.588
2020-03-06,95.785
2020-03-07,94.744
2020-03-08,94.744
2020-03-09,94.744
2020-03-10,96.279
2020-03-11,96.442
2020-03-12,97.654
2020-03-13,98.904
2020-03-14,98.152
2020-03-15,98.152
2020-03-16,98.152
2020-03-17,99.719
2020-03-18,101.623
2020-03-19,103.78
2020-03-20,103.582
2020-03-21,103.32
2020-03-22,103.32
2020-03-23,103.32
2020-03-24,102.312
2020-03-25,101.055
2020-03-26,99.468
2020-03-27,98.526
2020-03-28,99.246
2020-03-29,99.246
2020-03-30,99.246
2020-03-31,99.092
2020-04-01,99.753
2020-04-02,100.271
2020-04-03,100.677
2020-04-04,100.77
2020-04-05,100.77
2020-04-06,100.77
2020-04-07,99.929
2020-04-08,100.155
2020-04-09,99.477
2020-04-10,99.306
2020-04-11,99.306
2020-04-12,99.306
2020-04-13,99.306
2020-04-14,98.852
2020-04-15,99.451
2020-04-16,100.065
2020-04-17,99.81
2020-04-18,100.034
2020-04-19,100.034
2020-04-20,100.034
2020-04-21,100.354
2020-04-22,100.508
2020-04-23,100.527
2020-04-24,100.424
2020-04-25,100.107
2020-04-26,100.107
2020-04-27,100.107
2020-04-28,99.944
2020-04-29,99.654
2020-04-30,99.058
2020-05-01,99.13
2020-05-02,99.573
2020-05-03,99.573
2020-05-04,99.573
2020-05-05,99.787
2020-05-06,100.161
2020-05-07,99.941
2020-05-08,99.775
2020-05-09,100.26
2020-05-10,100.26
2020-05-11,100.26
2020-05-12,99.95
2020-05-13,100.286
2020-05-14,100.502
2020-05-15,100.429
2020-05-16,99.692
2020-05-17,99.692
2020-05-18,99.692
2020-05-19,99.368
2020-05-20,99.137
2020-05-21,99.399
2020-05-22,99.88
2020-05-23,99.88
2020-05-24,99.88
2020-05-25,99.88
2020-05-26,98.919
2020-05-27,99.048
2020-05-28,98.36
2020-05-29,98.323
2020-05-30,97.79
2020-05-31,97.79
2020-06-01,97.79
2020-06-02,97.631
2020-06-03,97.231
2020-06-04,96.624
2020-06-05,96.892
2020-06-06,96.555
2020-06-07,96.555
2020-06-08,96.555
2020-06-09,96.271
2020-06-10,95.897
2020-06-11,96.723
2020-06-12,97.33
2020-06-13,96.65
2020-06-14,96.65
2020-06-15,96.65
2020-06-16,96.903
2020-06-17,97.115
2020-06-18,97.38
2020-06-19,97.562
2020-06-20,96.975
2020-06-21,96.975
2020-06-22,96.975
2020-06-23,96.603
2020-06-24,97.124
2020-06-25,97.395
2020-06-26,97.417
2020-06-27,97.511
2020-06-28,97.511
2020-06-29,97.511
2020-06-30,97.359
2020-07-01,97.165
2020-07-02,97.302
2020-07-03,97.302
2020-07-04,96.682
2020-07-05,96.682
2020-07-06,96.682
2020-07-07,96.839
2020-07-08,96.368
2020-07-09,96.653
2020-07-10,96.589
2020-07-11,96.388
2020-07-12,96.388
2020-07-13,96.388
2020-07-14,96.195
2020-07-15,96.025
2020-07-16,96.294
2020-07-17,95.864
2020-07-18,95.762
2020-07-19,95.762
2020-07-20,95.762
2020-07-21,95.049
2020-07-22,94.922
2020-07-23,94.639
2020-07-24,94.377
2020-07-25,93.605
2020-07-26,93.605
2020-07-27,93.605
2020-07-28,93.651
2020-07-29,93.437
2020-07-30,93.024
2020-07-31,93.341
2020-08-01,93.527
2020-08-02,93.527
2020-08-03,93.527
2020-08-04,93.398
2020-08-05,92.87
2020-08-06,92.788
2020-08-07,93.432
2020-08-08,93.594
2020-08-09,93.594
2020-08-10,93.594
2020-08-11,93.625
2020-08-12,93.433
2020-08-13,93.342
2020-08-14,93.11
2020-08-15,92.872
2020-08-16,92.872
2020-08-17,92.872
2020-08-18,92.286
2020-08-19,92.91
2020-08-20,92.808
2020-08-21,93.27
2020-08-22,93.319
2020-08-23,93.319
2020-08-24,93.319
2020-08-25,93.049
2020-08-26,93.026
2020-08-27,93.006
2020-08-28,92.389
2020-08-29,92.141
2020-08-30,92.141
2020-08-31,92.141
2020-09-01,92.342
2020-09-02,92.839
2020-09-03,92.735
2020-09-04,92.709
2020-09-05,92.709
2020-09-06,92.709
2020-09-07,92.709
2020-09-08,93.425
2020-09-09,93.244
2020-09-10,93.316
2020-09-11,93.338
2020-09-12,93.06
2020-09-13,93.06
2020-09-14,93.06
2020-09-15,93.025
2020-09-16,93.171
2020-09-17,92.919
2020-09-18,92.907
2020-09-19,93.639
2020-09-20,93.639
2020-09-21,93.639
2020-09-22,93.978
2020-09-23,94.398
2020-09-24,94.358
2020-09-25,94.647
2020-09-26,94.269
2020-09-27,94.269
2020-09-28,94.269
2020-09-29,93.895
2020-09-30,93.897
2020-10-01,93.725
2020-10-02,93.874
2020-10-03,93.53
2020-10-04,93.53
2020-10-05,93.53
2020-10-06,93.719
2020-10-07,93.653
2020-10-08,93.623
2020-10-09,93.04
2020-10-10,93.066
2020-10-11,93.066
2020-10-12,93.066
2020-10-13,93.501
2020-10-14,93.346
2020-10-15,93.829
2020-10-16,93.644
2020-10-17,93.394
2020-10-18,93.394
2020-10-19,93.394
2020-10-20,93.016
2020-10-21,92.564
2020-10-22,92.929
2020-10-23,92.73
2020-10-24,93.009
2020-10-25,93.009
2020-10-26,93.009
2020-10-27,92.897
2020-10-28,93.379
2020-10-29,93.942
2020-10-30,94.007
2020-10-31,94.105
2020-11-01,94.105
2020-11-02,94.105
2020-11-03,93.53
2020-11-04,93.381
2020-11-05,92.486
2020-11-06,92.195
2020-11-07,92.685
2020-11-08,92.685
2020-11-09,92.685
2020-11-10,92.706
2020-11-11,92.994
2020-11-12,92.915
2020-11-13,92.708
2020-11-14,92.58
2020-11-15,92.58
2020-11-16,92.58
2020-11-17,92.348
2020-11-18,92.261
2020-11-19,92.234
2020-11-20,92.335
2020-11-21,92.434
2020-11-22,92.434
2020-11-23,92.434
2020-11-24,92.165
2020-11-25,91.906
2020-11-26,91.906
2020-11-27,91.741
2020-11-28,91.792
2020-11-29,91.792
2020-11-30,91.792
2020-12-01,91.227
2020-12-02,91.052
2020-12-03,90.645
2020-12-04,90.609
2020-12-05,90.702
2020-12-06,90.702
2020-12-07,90.702
2020-12-08,90.88
2020-12-09,91.011
2020-12-10,90.751
2020-12-11,90.924
2020-12-12,90.655
2020-12-13,90.655
2020-12-14,90.655
2020-12-15,90.369
2020-12-16,90.327
2020-12-17,89.706
2020-12-18,89.92
2020-12-19,89.914
2020-12-20,89.914
2020-12-21,89.914
2020-12-22,90.511
2020-12-23,90.306
2020-12-24,90.215
2020-12-25,90.24
2020-12-26,90.24
2020-12-27,90.24
2020-12-28,90.24
2020-12-29,89.883
2020-12-30,89.614
2020-12-31,89.859
2021-01-01,89.819
2021-01-02,89.819
2021-01-03,89.819
2021-01-04,89.819
2021-01-05,89.389
2021-01-06,89.482
2021-01-07,89.771
2021-01-08,90.048
2021-01-09,90.422
2021-01-10,90.422
2021-01-11,90.422
2021-01-12,90.044
2021-01-13,90.314
2021-01-14,90.189
2021-01-15,90.727
2021-01-16,90.727
2021-01-17,90.727
2021-01-18,90.727
2021-01-19,90.446
2021-01-20,90.439
2021-01-21,90.097
2021-01-22,90.182
2021-01-23,90.343
2021-01-24,90.343
2021-01-25,90.343
2021-01-26,90.118
2021-01-27,90.605
2021-01-28,90.402
2021-01-29,90.54
2021-01-30,90.94
2021-01-31,90.94
2021-02-01,90.94
2021-02-02,91.155
2021-02-03,91.123
2021-02-04,91.495
2021-02-05,91.007
2021-02-06,90.894
2021-02-07,90.894
2021-02-08,90.894
2021-02-09,90.399
2021-02-10,90.328
2021-02-11,90.378
2021-02-12,90.435
2021-02-13,90.435
2021-02-14,90.435
2021-02-15,90.435
2021-02-16,90.473
2021-02-17,90.919
2021-02-18,90.57
2021-02-19,90.343
2021-02-20,89.979
2021-02-21,89.979
2021-02-22,89.979
2021-02-23,90.142
2021-02-24,90.145
2021-02-25,90.12
2021-02-26,90.862
2021-02-27,91.018
2021-02-28,91.018
2021-03-01,91.018
2021-03-02,90.78
2021-03-03,90.927
2021-03-04,91.624
2021-03-05,91.989
2021-03-06,92.344
2021-03-07,92.344
2021-03-08,92.344
2021-03-09,91.96
2021-03-10,91.828
2021-03-11,91.415
2021-03-12,91.677
2021-03-13,91.832
2021-03-14,91.832
2021-03-15,91.832
2021-03-16,91.86
2021-03-17,91.413
2021-03-18,91.845
2021-03-19,91.905
2021-03-20,91.721
2021-03-21,91.721
2021-03-22,91.721
2021-03-23,92.328
2021-03-24,92.51
2021-03-25,92.806
2021-03-26,92.755
2021-03-27,92.936
2021-03-28,92.936
2021-03-29,92.936
2021-03-30,93.301
2021-03-31,93.221
2021-04-01,92.932
2021-04-02,93.036
2021-04-03,92.585
2021-04-04,92.585
2021-04-05,92.585
2021-04-06,92.333
2021-04-07,92.457
2021-04-08,92.054
2021-04-09,92.15
2021-04-10,92.129
2021-04-11,92.129
2021-04-12,92.129
2021-04-13,91.834
2021-04-14,91.664
2021-04-15,91.603
2021-04-16,91.529
2021-04-17,91.04
2021-04-18,91.04
2021-04-19,91.04
2021-04-20,91.212
2021-04-21,91.118
2021-04-22,91.306
2021-04-23,90.829
2021-04-24,90.76
2021-04-25,90.76
2021-04-26,90.76
2021-04-27,90.872
2021-04-28,90.573
2021-04-29,90.573
2021-04-30,91.244
2021-05-01,90.905
2021-05-02,90.905
2021-05-03,90.905
2021-05-04,91.247
2021-05-05,91.263
2021-05-06,90.911
2021-05-07,90.201
2021-05-08,90.17
2021-05-09,90.17
2021-05-10,90.17
2021-05-11,90.109
2021-05-12,90.671
2021-05-13,90.75
2021-05-14,90.337
2021-05-15,90.152
2021-05-16,90.152
2021-05-17,90.152
2021-05-18,89.749
2021-05-19,90.201
2021-05-20,89.805
2021-05-21,90.013
2021-05-22,89.853
2021-05-23,89.853
2021-05-24,89.853
2021-05-25,89.633
2021-05-26,90.03
2021-05-27,89.959
2021-05-28,89.998
2021-05-29,89.998
2021-05-30,89.998
2021-05-31,89.998
2021-06-01,89.815
2021-06-02,89.906
2021-06-03,90.505
2021-06-04,90.14
2021-06-05,89.914
2021-06-06,89.914
2021-06-07,89.914
2021-06-08,90.031
2021-06-09,90.093
2021-06-10,90.031
2021-06-11,90.527
2021-06-12,90.488
2021-06-13,90.488
2021-06-14,90.488
2021-06-15,90.487
2021-06-16,91.182
2021-06-17,91.848
2021-06-18,92.189
2021-06-19,91.861
2021-06-20,91.861
2021-06-21,91.861
2021-06-22,91.731
2021-06-23,91.77
2021-06-24,91.78
2021-06-25,91.829
2021-06-26,91.856
2021-06-27,91.856
2021-06-28,91.856
2021-06-29,92.021
2021-06-30,92.421
2021-07-01,92.583
2021-07-02,92.393
2021-07-03,92.393
2021-07-04,92.393
2021-07-05,92.393
2021-07-06,92.518
2021-07-07,92.625
2021-07-08,92.395
2021-07-09,92.103
2021-07-10,92.236
2021-07-11,92.236
2021-07-12,92.236
2021-07-13,92.734
2021-07-14,92.385
2021-07-15,92.606
2021-07-16,92.667
2021-07-17,92.88
2021-07-18,92.88
2021-07-19,92.88
2021-07-20,92.959
2021-07-21,92.745
2021-07-22,92.81
2021-07-23,92.908
2021-07-24,92.631
2021-07-25,92.631
2021-07-26,92.631
2021-07-27,92.411
2021-07-28,92.292
2021-07-29,91.851
2021-07-30,92.168
2021-07-31,92.04
2021-08-01,92.04
2021-08-02,92.04
2021-08-03,92.063
2021-08-04,92.259
2021-08-05,92.239
2021-08-06,92.78
2021-08-07,92.915
2021-08-08,92.915
2021-08-09,92.915
2021-08-10,93.025
2021-08-11,92.898
2021-08-12,93.013
2021-08-13,92.501
2021-08-14,92.599
2021-08-15,92.599
2021-08-16,92.599
2021-08-17,93.12
2021-08-18,93.124
2021-08-19,93.568
2021-08-20,93.493
2021-08-21,92.951
2021-08-22,92.951
2021-08-23,92.951
2021-08-24,92.886
2021-08-25,92.82
2021-08-26,93.068
2021-08-27,92.695
2021-08-28,92.657
2021-08-29,92.657
2021-08-30,92.657
2021-08-31,92.635
2021-09-01,92.454
2021-09-02,92.233
2021-09-03,92.019
2021-09-04,92.019
2021-09-05,92.019
2021-09-06,92.019
2021-09-07,92.509
2021-09-08,92.644
2021-09-09,92.474
2021-09-10,92.574
2021-09-11,92.65
2021-09-12,92.65
2021-09-13,92.65
2021-09-14,92.549
2021-09-15,92.474
2021-09-16,92.859
2021-09-17,93.121
2021-09-18,93.201
2021-09-19,93.201
2021-09-20,93.201
2021-09-21,93.145
2021-09-22,93.39
2021-09-23,92.97
2021-09-24,93.275
2021-09-25,93.321
2021-09-26,93.321
2021-09-27,93.321
2021-09-28,93.71
2021-09-29,94.293
2021-09-30,94.18
2021-10-01,93.987
2021-10-02,93.725
2021-10-03,93.725
2021-10-04,93.725
2021-10-05,93.912
2021-10-06,94.222
2021-10-07,94.161
2021-10-08,94.014
2021-10-09,94.271
2021-10-10,94.271
2021-10-11,94.271
2021-10-12,94.464
2021-10-13,94.025
2021-10-14,93.911
2021-10-15,93.883
2021-10-16,93.89
2021-10-17,93.89
2021-10-18,93.89
2021-10-19,93.678
2021-10-20,93.485
2021-10-21,93.708
2021-10-22,93.575
2021-10-23,93.754
2021-10-24,93.754
2021-10-25,93.754
2021-10-26,93.876
2021-10-27,93.743
2021-10-28,93.266
2021-10-29,94.061
2021-10-30,93.824
2021-10-31,93.824
2021-11-01,93.824
2021-11-02,94.024
2021-11-03,93.803
2021-11-04,94.281
2021-11-05,94.252
2021-11-06,93.982
2021-11-07,93.982
2021-11-08,93.982
2021-11-09,93.896
2021-11-10,94.773
2021-11-11,95.115
2021-11-12,95.063
2021-11-13,95.34
2021-11-14,95.34
2021-11-15,95.34
2021-11-16,95.851
2021-11-17,95.764
2021-11-18,95.477
2021-11-19,95.958
2021-11-20,96.474
2021-11-21,96.474
2021-11-22,96.474
2021-11-23,96.424
2021-11-24,96.802
2021-11-25,96.802
2021-11-26,96.034
2021-11-27,96.268
2021-11-28,96.268
2021-11-29,96.268
2021-11-30,95.937
2021-12-01,95.964
2021-12-02,96.108
2021-12-03,96.074
2021-12-04,96.305
2021-12-05,96.305
2021-12-06,96.305
2021-12-07,96.345
2021-12-08,95.865
2021-12-09,96.232
2021-12-10,96.074
2021-12-11,96.272
2021-12-12,96.272
2021-12-13,96.272
2021-12-14,96.513
2021-12-15,96.467
2021-12-16,95.98
2021-12-17,96.513
2021-12-18,96.515
2021-12-19,96.515
2021-12-20,96.515
2021-12-21,96.454
2021-12-22,96.039
2021-12-23,95.955
2021-12-24,96.051
2021-12-25,96.051
2021-12-26,96.051
2021-12-27,96.051
2021-12-28,96.168
2021-12-29,95.886
2021-12-30,95.919
2021-12-31,95.553
2022-01-01,96.166
2022-01-02,96.166
2022-01-03,96.166
2022-01-04,96.229
2022-01-05,96.127
2022-01-06,96.281
2022-01-07,95.672
2022-01-08,95.935
2022-01-09,95.935
2022-01-10,95.935
2022-01-11,95.565
2022-01-12,94.846
2022-01-13,94.715
2022-01-14,95.106
2022-01-15,95.106
2022-01-16,95.106
2022-01-17,95.106
2022-01-18,95.658
2022-01-19,95.44
2022-01-20,95.655
2022-01-21,95.566
2022-01-22,95.836
2022-01-23,95.836
2022-01-24,95.836
2022-01-25,95.863
2022-01-26,96.335
2022-01-27,97.157
2022-01-28,97.176
2022-01-29,96.462
2022-01-30,96.462
2022-01-31,96.462
2022-02-01,96.305
2022-02-02,95.855
2022-02-03,95.324
2022-02-04,95.41
2022-02-05,95.327
2022-02-06,95.327
2022-02-07,95.327
2022-02-08,95.566
2022-02-09,95.424
2022-02-10,95.458
2022-02-11,95.998
2022-02-12,96.291
2022-02-13,96.291
2022-02-14,96.291
2022-02-15,95.923
2022-02-16,95.627
2022-02-17,95.723
2022-02-18,95.952
2022-02-19,95.96
2022-02-20,95.96
2022-02-21,95.96
2022-02-22,95.936
2022-02-23,96.098
2022-02-24,97.043
2022-02-25,96.544
2022-02-26,96.619
2022-02-27,96.619
2022-02-28,96.619
2022-03-01,97.374
2022-03-02,97.404
2022-03-03,97.793
2022-03-04,98.671
2022-03-05,99.436
2022-03-06,99.436
2022-03-07,99.436
2022-03-08,99.27
2022-03-09,98.069
2022-03-10,98.557
2022-03-11,99.183
2022-03-12,99.024
2022-03-13,99.024
2022-03-14,99.024
2022-03-15,98.884
2022-03-16,98.396
2022-03-17,97.765
2022-03-18,98.027
2022-03-19,98.284
2022-03-20,98.284
2022-03-21,98.284
2022-03-22,98.298
2022-03-23,98.38
2022-03-24,98.565
2022-03-25,98.582
2022-03-26,98.81
2022-03-27,98.81
2022-03-28,98.81
2022-03-29,98.196
2022-03-30,97.63
2022-03-31,98.115
2022-04-01,98.377
2022-04-02,98.729
2022-04-03,98.729
2022-04-04,98.729
2022-04-05,99.173
2022-04-06,99.32
2022-04-07,99.505
2022-04-08,99.49
2022-04-09,99.664
2022-04-10,99.664
2022-04-11,99.664
2022-04-12,100.042
2022-04-13,99.663
2022-04-14,100.061
2022-04-15,100.506
2022-04-16,100.506
2022-04-17,100.506
2022-04-18,100.506
2022-04-19,100.694
2022-04-20,100.142
2022-04-21,100.339
2022-04-22,100.938
2022-04-23,101.494
2022-04-24,101.494
2022-04-25,101.494
2022-04-26,102.073
2022-04-27,102.693
2022-04-28,103.389
2022-04-29,102.708
2022-04-30,103.526
2022-05-01,103.526
2022-05-02,103.526
2022-05-03,103.226
2022-05-04,102.354
2022-05-05,103.562
2022-05-06,103.489
2022-05-07,103.504
2022-05-08,103.504
2022-05-09,103.504
2022-05-10,103.753
2022-05-11,103.654
2022-05-12,104.682
2022-05-13,104.396
2022-05-14,104.02
2022-05-15,104.02
2022-05-16,104.02
2022-05-17,103.182
2022-05-18,103.682
2022-05-19,102.581
2022-05-20,103.008
2022-05-21,101.912
2022-05-22,101.912
2022-05-23,101.912
2022-05-24,101.66
2022-05-25,101.882
2022-05-26,101.668
2022-05-27,101.503
2022-05-28,101.08
2022-05-29,101.08
2022-05-30,101.08
2022-05-31,101.566
2022-06-01,102.304
2022-06-02,101.617
2022-06-03,101.951
2022-06-04,102.295
2022-06-05,102.295
2022-06-06,102.295
2022-06-07,102.175
2022-06-08,102.406
2022-06-09,103.081
2022-06-10,104.013
2022-06-11,104.966
2022-06-12,104.966
2022-06-13,104.966
2022-06-14,104.992
2022-06-15,104.605
2022-06-16,103.087
2022-06-17,104.173
2022-06-18,104.173
2022-06-19,104.173
2022-06-20,104.173
2022-06-21,103.881
2022-06-22,103.631
2022-06-23,103.832
2022-06-24,103.599
2022-06-25,103.318
2022-06-26,103.318
2022-06-27,103.318
2022-06-28,103.881
2022-06-29,104.484
2022-06-30,104.084
2022-07-01,104.549
2022-07-02,104.549
2022-07-03,104.549
2022-07-04,104.549
2022-07-05,105.95
2022-07-06,106.563
2022-07-07,106.594
2022-07-08,106.441
2022-07-09,107.474
2022-07-10,107.474
2022-07-11,107.474
2022-07-12,107.567
2022-07-13,107.386
2022-07-14,108.032
2022-07-15,107.586
2022-07-16,106.896
2022-07-17,106.896
2022-07-18,106.896
2022-07-19,106.25
2022-07-20,106.608
2022-07-21,106.479
2022-07-22,106.316
2022-07-23,106.04
2022-07-24,106.04
2022-07-25,106.04
2022-07-26,106.714
2022-07-27,106.016
2022-07-28,105.921
2022-07-29,105.474
2022-07-30,105.016
2022-07-31,105.016
2022-08-01,105.016
2022-08-02,105.764
2022-08-03,106.037
2022-08-04,105.266
2022-08-05,106.13
2022-08-06,105.968
2022-08-07,105.968
2022-08-08,105.968
2022-08-09,105.902
2022-08-10,104.73
2022-08-11,104.644
2022-08-12,105.145
2022-08-13,106.068
2022-08-14,106.068
2022-08-15,106.068
2022-08-16,106.043
2022-08-17,106.161
2022-08-18,107.105
2022-08-19,107.803
2022-08-20,108.681
2022-08-21,108.681
2022-08-22,108.681
2022-08-23,108.259
2022-08-24,108.326
2022-08-25,108.133
2022-08-26,108.451
2022-08-27,108.54
2022-08-28,108.54
2022-08-29,108.54
2022-08-30,108.474
2022-08-31,108.4
2022-09-01,109.403
2022-09-02,109.255
2022-09-03,109.255
2022-09-04,109.255
2022-09-05,109.255
2022-09-06,109.919
2022-09-07,109.567
2022-09-08,109.458
2022-09-09,108.732
2022-09-10,108.096
2022-09-11,108.096
2022-09-12,108.096
2022-09-13,109.528
2022-09-14,109.371
2022-09-15,109.452
2022-09-16,109.506
2022-09-17,109.333
2022-09-18,109.333
2022-09-19,109.333
2022-09-20,109.942
2022-09-21,110.346
2022-09-22,111.105
2022-09-23,112.962
2022-09-24,114.02
2022-09-25,114.02
2022-09-26,114.02
2022-09-27,114.047
2022-09-28,112.508
2022-09-29,112.202
2022-09-30,112.084
2022-10-01,111.656
2022-10-02,111.656
2022-10-03,111.656
2022-10-04,109.981
2022-10-05,111.011
2022-10-06,112.183
2022-10-07,112.683
2022-10-08,113.071
2022-10-09,113.071
2022-10-10,113.071
2022-10-11,113.128
2022-10-12,113.224
2022-10-13,112.253
2022-10-14,113.202
2022-10-15,111.908
2022-10-16,111.908
2022-10-17,111.908
2022-10-18,111.994
2022-10-19,112.879
2022-10-20,112.818
2022-10-21,111.98
2022-10-22,111.909
2022-10-23,111.909
2022-10-24,111.909
2022-10-25,110.83
2022-10-26,109.552
2022-10-27,110.453
2022-10-28,110.606
2022-10-29,111.42
2022-10-30,111.42
2022-10-31,111.42
2022-11-01,111.359
2022-11-02,111.226
2022-11-03,112.804
2022-11-04,110.774
2022-11-05,109.993
2022-11-06,109.993
2022-11-07,109.993
2022-11-08,109.542
2022-11-09,110.46
2022-11-10,108.092
2022-11-11,106.164
2022-11-12,106.531
2022-11-13,106.531
2022-11-14,106.531
2022-11-15,106.295
2022-11-16,106.152
2022-11-17,106.592
2022-11-18,106.826
2022-11-19,107.732
2022-11-20,107.732
2022-11-21,107.732
2022-11-22,107.115
2022-11-23,105.967
2022-11-24,105.967
2022-11-25,105.917
2022-11-26,106.632
2022-11-27,106.632
2022-11-28,106.632
2022-11-29,106.768
2022-11-30,105.897
2022-12-01,104.689
2022-12-02,104.5
2022-12-03,105.239
2022-12-04,105.239
2022-12-05,105.239
2022-12-06,105.542
2022-12-07,105.056
2022-12-08,104.756
2022-12-09,104.799
2022-12-10,105.104
2022-12-11,105.104
2022-12-12,105.104
2022-12-13,103.943
2022-12-14,103.739
2022-12-15,104.532
2022-12-16,104.661
2022-12-17,104.595
2022-12-18,104.595
2022-12-19,104.595
2022-12-20,103.606
2022-12-21,103.847
2022-12-22,104.127
2022-12-23,104.01
2022-12-24,103.893
2022-12-25,103.893
2022-12-26,103.893
2022-12-27,103.893
2022-12-28,104.182
2022-12-29,103.586
2022-12-30,103.269
2022-12-31,104.312
2023-01-01,104.312
2023-01-02,104.312
2023-01-03,104.312
2023-01-04,104.021
2023-01-05,104.828
2023-01-06,103.646
2023-01-07,102.743
2023-01-08,102.743
2023-01-09,102.743
2023-01-10,102.98
2023-01-11,102.928
2023-01-12,101.995
2023-01-13,101.946
2023-01-14,101.946
2023-01-15,101.946
2023-01-16,101.946
2023-01-17,102.141
2023-01-18,102.107
2023-01-19,101.831
2023-01-20,101.781
2023-01-21,101.916
2023-01-22,101.916
2023-01-23,101.916
2023-01-24,101.675
2023-01-25,101.416
2023-01-26,101.638
2023-01-27,101.721
2023-01-28,102.086
2023-01-29,102.086
2023-01-30,102.086
2023-01-31,101.915
2023-02-01,101.028
2023-02-02,101.575
2023-02-03,102.755
2023-02-04,103.498
2023-02-05,103.498
2023-02-06,103.498
2023-02-07,103.298
2023-02-08,103.272
2023-02-09,103.106
2023-02-10,103.535
2023-02-11,103.248
2023-02-12,103.248
2023-02-13,103.248
2023-02-14,103.123
2023-02-15,103.839
2023-02-16,103.791
2023-02-17,103.78
2023-02-18,103.78
2023-02-19,103.78
2023-02-20,103.78
2023-02-21,104.112
2023-02-22,104.523
2023-02-23,104.539
2023-02-24,105.158
2023-02-25,104.624
2023-02-26,104.624
2023-02-27,104.624
2023-02-28,104.825
2023-03-01,104.432
2023-03-02,104.995
2023-03-03,104.488
2023-03-04,104.325
2023-03-05,104.325
2023-03-06,104.325
2023-03-07,105.592
2023-03-08,105.634
2023-03-09,105.305
2023-03-10,104.552
2023-03-11,103.713
2023-03-12,103.713
2023-03-13,103.713
2023-03-14,103.215
2023-03-15,104.276
2023-03-16,104.092
2023-03-17,103.36
2023-03-18,102.933
2023-03-19,102.933
2023-03-20,102.933
2023-03-21,102.897
2023-03-22,101.972
2023-03-23,102.207
2023-03-24,102.764
2023-03-25,102.518
2023-03-26,102.518
2023-03-27,102.518
2023-03-28,102.106
2023-03-29,102.298
2023-03-30,101.821
2023-03-31,102.186
2023-04-01,101.787
2023-04-02,101.787
2023-04-03,101.787
2023-04-04,101.267
2023-04-05,101.545
2023-04-06,101.519
2023-04-07,101.737
2023-04-08,102.249
2023-04-09,102.249
2023-04-10,102.249
2023-04-11,101.884
2023-04-12,101.171
2023-04-13,100.7
2023-04-14,101.245
2023-04-15,101.796
2023-04-16,101.796
2023-04-17,101.796
2023-04-18,101.448
2023-04-19,101.668
2023-04-20,101.566
2023-04-21,101.552
2023-04-22,101.073
2023-04-23,101.073
2023-04-24,101.073
2023-04-25,101.592
2023-04-26,101.205
2023-04-27,101.252
2023-04-28,101.403
2023-04-29,101.92
2023-04-30,101.92
2023-05-01,101.92
2023-05-02,101.725
2023-05-03,101.115
2023-05-04,101.184
2023-05-05,100.999
2023-05-06,101.155
2023-05-07,101.155
2023-05-08,101.155
2023-05-09,101.399
2023-05-10,101.269
2023-05-11,101.873
2023-05-12,102.509
2023-05-13,102.271
2023-05-14,102.271
2023-05-15,102.271
2023-05-16,102.404
2023-05-17,102.726
2023-05-18,103.455
2023-05-19,103.079
2023-05-20,103.079
2023-05-21,103.079
2023-05-22,103.079
2023-05-23,103.385
2023-05-24,103.799
2023-05-25,104.175
2023-05-26,104.136
2023-05-27,104.136
2023-05-28,104.136
2023-05-29,104.136
2023-05-30,104.078
2023-05-31,104.245
2023-06-01,103.502
2023-06-02,103.952
2023-06-03,103.936
2023-06-04,103.936
2023-06-05,103.936
2023-06-06,104.074
2023-06-07,104.055
2023-06-08,103.316
2023-06-09,103.533
2023-06-10,103.631
2023-06-11,103.631
2023-06-12,103.631
2023-06-13,103.318
2023-06-14,102.916
2023-06-15,102.108
2023-06-16,102.258
2023-06-17,101.838
2023-06-18,101.838
2023-06-19,101.838
2023-06-20,102.125
2023-06-21,101.676
2023-06-22,101.994
2023-06-23,102.542
2023-06-24,102.334
2023-06-25,102.334
2023-06-26,102.334
2023-06-27,102.127
2023-06-28,102.548
2023-06-29,103.008
2023-06-30,102.587
2023-07-01,102.654
2023-07-02,102.654
2023-07-03,102.654
2023-07-04,102.654
2023-07-05,103.035
2023-07-06,102.867
2023-07-07,101.95
2023-07-08,101.642
2023-07-09,101.642
2023-07-10,101.642
2023-07-11,101.403
2023-07-12,100.193
2023-07-13,99.456
2023-07-14,99.605
2023-07-15,99.529
2023-07-16,99.529
2023-07-17,99.529
2023-07-18,99.625
2023-07-19,99.988
2023-07-20,100.597
2023-07-21,100.798
2023-07-22,101.083
2023-07-23,101.083
2023-07-24,101.083
2023-07-25,101.096
2023-07-26,100.636
2023-07-27,101.544
2023-07-28,101.399
2023-07-29,101.626
2023-07-30,101.626
2023-07-31,101.626
2023-08-01,102.085
2023-08-02,102.389
2023-08-03,102.35
2023-08-04,101.836
2023-08-05,101.861
2023-08-06,101.861
2023-08-07,101.861
2023-08-08,102.34
2023-08-09,102.312
2023-08-10,102.367
2023-08-11,102.689
2023-08-12,103.058
2023-08-13,103.058
2023-08-14,103.058
2023-08-15,103.095
2023-08-16,103.319
2023-08-17,103.47
2023-08-18,103.276
2023-08-19,103.206
2023-08-20,103.206
2023-08-21,103.206
2023-08-22,103.473
2023-08-23,103.333
2023-08-24,103.919
2023-08-25,104.013
2023-08-26,103.992
2023-08-27,103.992
2023-08-28,103.992
2023-08-29,103.471
2023-08-30,103.093
2023-08-31,103.587
2023-09-01,104.191
2023-09-02,104.191
2023-09-03,104.191
2023-09-04,104.191
2023-09-05,104.763
2023-09-06,104.821
2023-09-07,105.028
2023-09-08,105.066
2023-09-09,104.539
2023-09-10,104.539
2023-09-11,104.539
2023-09-12,104.69
2023-09-13,104.749
2023-09-14,105.395
2023-09-15,105.325
2023-09-16,105.292
2023-09-17,105.292
2023-09-18,105.292
2023-09-19,104.832
2023-09-20,104.788
2023-09-21,105.044
2023-09-22,105.26
2023-09-23,105.69
2023-09-24,105.69
2023-09-25,105.69
2023-09-26,105.93
2023-09-27,106.366
2023-09-28,105.933
2023-09-29,105.815
2023-09-30,106.606
2023-10-01,106.606
2023-10-02,106.606
2023-10-03,106.719
2023-10-04,106.53
2023-10-05,106.065
2023-10-06,105.784
2023-10-07,105.811
2023-10-08,105.811
2023-10-09,105.811
2023-10-10,105.557
2023-10-11,105.569
2023-10-12,106.367
2023-10-13,106.434
2023-10-14,106.034
2023-10-15,106.034
2023-10-16,106.034
2023-10-17,106.046
2023-10-18,106.354
2023-10-19,106.046
2023-10-20,105.988
2023-10-21,105.334
2023-10-22,105.334
2023-10-23,105.334
2023-10-24,106.08
2023-10-25,106.352
2023-10-26,106.422
2023-10-27,106.38
2023-10-28,105.934
2023-10-29,105.934
2023-10-30,105.934
2023-10-31,106.494
2023-11-01,106.715
2023-11-02,105.977
2023-11-03,104.859
2023-11-04,105.046
2023-11-05,105.046
2023-11-06,105.046
2023-11-07,105.373
2023-11-08,105.448
2023-11-09,105.78
2023-11-10,105.725
2023-11-11,105.503
2023-11-12,105.503
2023-11-13,105.503
2023-11-14,103.907
2023-11-15,104.265
2023-11-16,104.233
2023-11-17,103.795
2023-11-18,103.317
2023-11-19,103.317
2023-11-20,103.317
2023-11-21,103.449
2023-11-22,103.825
2023-11-23,103.825
2023-11-24,103.304
2023-11-25,103.105
2023-11-26,103.105
2023-11-27,103.105
2023-11-28,102.649
2023-11-29,102.676
2023-11-30,103.428
2023-12-01,103.2
2023-12-02,103.647
2023-12-03,103.647
2023-12-04,103.647
2023-12-05,103.995
2023-12-06,104.108
2023-12-07,103.504
2023-12-08,103.983
2023-12-09,104.064
2023-12-10,104.064
2023-12-11,104.064
2023-12-12,103.839
2023-12-13,102.848
2023-12-14,101.94
2023-12-15,102.548
2023-12-16,102.536
2023-12-17,102.536
2023-12-18,102.536
2023-12-19,101.796
2023-12-20,102.04
2023-12-21,101.478
2023-12-22,101.338
2023-12-23,101.104
2023-12-24,101.104
2023-12-25,101.104
2023-12-26,101.104
2023-12-27,100.654
2023-12-28,100.913
2023-12-29,101.029
2023-12-30,101.891
2023-12-31,101.891
2024-01-01,101.891
2024-01-02,101.891
2024-01-03,102.195
2024-01-04,102.135
2024-01-05,102.129
2024-01-06,101.928
2024-01-07,101.928
2024-01-08,101.928
2024-01-09,102.284
2024-01-10,102.08
2024-01-11,102.024
2024-01-12,102.151
2024-01-13,102.151
2024-01-14,102.151
2024-01-15,102.151
2024-01-16,103.112
2024-01-17,103.206
2024-01-18,103.312
2024-01-19,103.069
2024-01-20,103.118
2024-01-21,103.118
2024-01-22,103.118
2024-01-23,103.402
2024-01-24,103.039
2024-01-25,103.37
2024-01-26,103.234
2024-01-27,103.421
2024-01-28,103.421
2024-01-29,103.421
2024-01-30,103.215
2024-01-31,103.089
2024-02-01,102.872
2024-02-02,103.781
2024-02-03,104.319
2024-02-04,104.319
2024-02-05,104.319
2024-02-06,104.068
2024-02-07,103.917
2024-02-08,104.037
2024-02-09,103.993
2024-02-10,104.047
2024-02-11,104.047
2024-02-12,104.047
2024-02-13,104.85
2024-02-14,104.612
2024-02-15,104.2
2024-02-16,104.182
2024-02-17,104.182
2024-02-18,104.182
2024-02-19,104.182
2024-02-20,103.978
2024-02-21,103.912
2024-02-22,103.875
2024-02-23,103.859
2024-02-24,103.751
2024-02-25,103.751
2024-02-26,103.751
2024-02-27,103.759
2024-02-28,103.904
2024-02-29,104.098
2024-03-01,103.799
2024-03-02,103.778
2024-03-03,103.778
2024-03-04,103.778
2024-03-05,103.753
2024-03-06,103.321
2024-03-07,102.772
2024-03-08,102.688
2024-03-09,102.852
2024-03-10,102.852
2024-03-11,102.852
2024-03-12,102.934
2024-03-13,102.766
2024-03-14,103.342
2024-03-15,103.414
2024-03-16,103.461
2024-03-17,103.461
2024-03-18,103.461
2024-03-19,103.484
2024-03-20,103.046
2024-03-21,103.666
2024-03-22,104.177
2024-03-23,103.934
2024-03-24,103.934
2024-03-25,103.934
2024-03-26,103.991
2024-03-27,104.064
2024-03-28,104.269
2024-03-29,104.764
2024-03-30,104.764
2024-03-31,104.764
2024-04-01,104.764