date,goods_inflation
2017-01-01,118.9
2017-01-02,118.9
2017-01-03,118.9
2017-01-04,118.9
2017-01-05,118.9
2017-01-06,118.9
2017-01-07,118.9
2017-01-08,118.9
2017-01-09,118.9
2017-01-10,118.9
2017-01-11,118.9
2017-01-12,118.9
2017-01-13,118.9
2017-01-14,118.9
2017-01-15,118.9
2017-01-16,118.9
2017-01-17,118.9
2017-01-18,118.9
2017-01-19,118.9
2017-01-20,118.9
2017-01-21,118.9
2017-01-22,118.9
2017-01-23,118.9
2017-01-24,118.9
2017-01-25,118.9
2017-01-26,118.9
2017-01-27,118.9
2017-01-28,118.9
2017-01-29,118.9
2017-01-30,118.9
2017-01-31,118.9
2017-02-01,118.7
2017-02-02,118.7
2017-02-03,118.7
2017-02-04,118.7
2017-02-05,118.7
2017-02-06,118.7
2017-02-07,118.7
2017-02-08,118.7
2017-02-09,118.7
2017-02-10,118.7
2017-02-11,118.7
2017-02-12,118.7
2017-02-13,118.7
2017-02-14,118.7
2017-02-15,118.7
2017-02-16,118.7
2017-02-17,118.7
2017-02-18,118.7
2017-02-19,118.7
2017-02-20,118.7
2017-02-21,118.7
2017-02-22,118.7
2017-02-23,118.7
2017-02-24,118.7
2017-02-25,118.7
2017-02-26,118.7
2017-02-27,118.7
2017-02-28,118.7
2017-03-01,118.8
2017-03-02,118.8
2017-03-03,118.8
2017-03-04,118.8
2017-03-05,118.8
2017-03-06,118.8
2017-03-07,118.8
2017-03-08,118.8
2017-03-09,118.8
2017-03-10,118.8
2017-03-11,118.8
2017-03-12,118.8
2017-03-13,118.8
2017-03-14,118.8
2017-03-15,118.8
2017-03-16,118.8
2017-03-17,118.8
2017-03-18,118.8
2017-03-19,118.8
2017-03-20,118.8
2017-03-21,118.8
2017-03-22,118.8
2017-03-23,118.8
2017-03-24,118.8
2017-03-25,118.8
2017-03-26,118.8
2017-03-27,118.8
2017-03-28,118.8
2017-03-29,118.8
2017-03-30,118.8
2017-03-31,118.8
2017-04-01,119.5
2017-04-02,119.5
2017-04-03,119.5
2017-04-04,119.5
2017-04-05,119.5
2017-04-06,119.5
2017-04-07,119.5
2017-04-08,119.5
2017-04-09,119.5
2017-04-10,119.5
2017-04-11,119.5
2017-04-12,119.5
2017-04-13,119.5
2017-04-14,119.5
2017-04-15,119.5
2017-04-16,119.5
2017-04-17,119.5
2017-04-18,119.5
2017-04-19,119.5
2017-04-20,119.5
2017-04-21,119.5
2017-04-22,119.5
2017-04-23,119.5
2017-04-24,119.5
2017-04-25,119.5
2017-04-26,119.5
2017-04-27,119.5
2017-04-28,119.5
2017-04-29,119.5
2017-04-30,119.5
2017-05-01,119.0
2017-05-02,119.0
2017-05-03,119.0
2017-05-04,119.0
2017-05-05,119.0
2017-05-06,119.0
2017-05-07,119.0
2017-05-08,119.0
2017-05-09,119.0
2017-05-10,119.0
2017-05-11,119.0
2017-05-12,119.0
2017-05-13,119.0
2017-05-14,119.0
2017-05-15,119.0
2017-05-16,119.0
2017-05-17,119.0
2017-05-18,119.0
2017-05-19,119.0
2017-05-20,119.0
2017-05-21,119.0
2017-05-22,119.0
2017-05-23,119.0
2017-05-24,119.0
2017-05-25,119.0
2017-05-26,119.0
2017-05-27,119.0
2017-05-28,119.0
2017-05-29,119.0
2017-05-30,119.0
2017-05-31,119.0
2017-06-01,118.5
2017-06-02,118.5
2017-06-03,118.5
2017-06-04,118.5
2017-06-05,118.5
2017-06-06,118.5
2017-06-07,118.5
2017-06-08,118.5
2017-06-09,118.5
2017-06-10,118.5
2017-06-11,118.5
2017-06-12,118.5
2017-06-13,118.5
2017-06-14,118.5
2017-06-15,118.5
2017-06-16,118.5
2017-06-17,118.5
2017-06-18,118.5
2017-06-19,118.5
2017-06-20,118.5
2017-06-21,118.5
2017-06-22,118.5
2017-06-23,118.5
2017-06-24,118.5
2017-06-25,118.5
2017-06-26,118.5
2017-06-27,118.5
2017-06-28,118.5
2017-06-29,118.5
2017-06-30,118.5
2017-07-01,118.3
2017-07-02,118.3
2017-07-03,118.3
2017-07-04,118.3
2017-07-05,118.3
2017-07-06,118.3
2017-07-07,118.3
2017-07-08,118.3
2017-07-09,118.3
2017-07-10,118.3
2017-07-11,118.3
2017-07-12,118.3
2017-07-13,118.3
2017-07-14,118.3
2017-07-15,118.3
2017-07-16,118.3
2017-07-17,118.3
2017-07-18,118.3
2017-07-19,118.3
2017-07-20,118.3
2017-07-21,118.3
2017-07-22,118.3
2017-07-23,118.3
2017-07-24,118.3
2017-07-25,118.3
2017-07-26,118.3
2017-07-27,118.3
2017-07-28,118.3
2017-07-29,118.3
2017-07-30,118.3
2017-07-31,118.3
2017-08-01,118.4
2017-08-02,118.4
2017-08-03,118.4
2017-08-04,118.4
2017-08-05,118.4
2017-08-06,118.4
2017-08-07,118.4
2017-08-08,118.4
2017-08-09,118.4
2017-08-10,118.4
2017-08-11,118.4
2017-08-12,118.4
2017-08-13,118.4
2017-08-14,118.4
2017-08-15,118.4
2017-08-16,118.4
2017-08-17,118.4
2017-08-18,118.4
2017-08-19,118.4
2017-08-20,118.4
2017-08-21,118.4
2017-08-22,118.4
2017-08-23,118.4
2017-08-24,118.4
2017-08-25,118.4
2017-08-26,118.4
2017-08-27,118.4
2017-08-28,118.4
2017-08-29,118.4
2017-08-30,118.4
2017-08-31,118.4
2017-09-01,118.8
2017-09-02,118.8
2017-09-03,118.8
2017-09-04,118.8
2017-09-05,118.8
2017-09-06,118.8
2017-09-07,118.8
2017-09-08,118.8
2017-09-09,118.8
2017-09-10,118.8
2017-09-11,118.8
2017-09-12,118.8
2017-09-13,118.8
2017-09-14,118.8
2017-09-15,118.8
2017-09-16,118.8
2017-09-17,118.8
2017-09-18,118.8
2017-09-19,118.8
2017-09-20,118.8
2017-09-21,118.8
2017-09-22,118.8
2017-09-23,118.8
2017-09-24,118.8
2017-09-25,118.8
2017-09-26,118.8
2017-09-27,118.8
2017-09-28,118.8
2017-09-29,118.8
2017-09-30,118.8
2017-10-01,118.8
2017-10-02,118.8
2017-10-03,118.8
2017-10-04,118.8
2017-10-05,118.8
2017-10-06,118.8
2017-10-07,118.8
2017-10-08,118.8
2017-10-09,118.8
2017-10-10,118.8
2017-10-11,118.8
2017-10-12,118.8
2017-10-13,118.8
2017-10-14,118.8
2017-10-15,118.8
2017-10-16,118.8
2017-10-17,118.8
2017-10-18,118.8
2017-10-19,118.8
2017-10-20,118.8
2017-10-21,118.8
2017-10-22,118.8
2017-10-23,118.8
2017-10-24,118.8
2017-10-25,118.8
2017-10-26,118.8
2017-10-27,118.8
2017-10-28,118.8
2017-10-29,118.8
2017-10-30,118.8
2017-10-31,118.8
2017-11-01,119.9
2017-11-02,119.9
2017-11-03,119.9
2017-11-04,119.9
2017-11-05,119.9
2017-11-06,119.9
2017-11-07,119.9
2017-11-08,119.9
2017-11-09,119.9
2017-11-10,119.9
2017-11-11,119.9
2017-11-12,119.9
2017-11-13,119.9
2017-11-14,119.9
2017-11-15,119.9
2017-11-16,119.9
2017-11-17,119.9
2017-11-18,119.9
2017-11-19,119.9
2017-11-20,119.9
2017-11-21,119.9
2017-11-22,119.9
2017-11-23,119.9
2017-11-24,119.9
2017-11-25,119.9
2017-11-26,119.9
2017-11-27,119.9
2017-11-28,119.9
2017-11-29,119.9
2017-11-30,119.9
2017-12-01,119.4
2017-12-02,119.4
2017-12-03,119.4
2017-12-04,119.4
2017-12-05,119.4
2017-12-06,119.4
2017-12-07,119.4
2017-12-08,119.4
2017-12-09,119.4
2017-12-10,119.4
2017-12-11,119.4
2017-12-12,119.4
2017-12-13,119.4
2017-12-14,119.4
2017-12-15,119.4
2017-12-16,119.4
2017-12-17,119.4
2017-12-18,119.4
2017-12-19,119.4
2017-12-20,119.4
2017-12-21,119.4
2017-12-22,119.4
2017-12-23,119.4
2017-12-24,119.4
2017-12-25,119.4
2017-12-26,119.4
2017-12-27,119.4
2017-12-28,119.4
2017-12-29,119.4
2017-12-30,119.4
2017-12-31,119.4
2018-01-01,120.2
2018-01-02,120.2
2018-01-03,120.2
2018-01-04,120.2
2018-01-05,120.2
2018-01-06,120.2
2018-01-07,120.2
2018-01-08,120.2
2018-01-09,120.2
2018-01-10,120.2
2018-01-11,120.2
2018-01-12,120.2
2018-01-13,120.2
2018-01-14,120.2
2018-01-15,120.2
2018-01-16,120.2
2018-01-17,120.2
2018-01-18,120.2
2018-01-19,120.2
2018-01-20,120.2
2018-01-21,120.2
2018-01-22,120.2
2018-01-23,120.2
2018-01-24,120.2
2018-01-25,120.2
2018-01-26,120.2
2018-01-27,120.2
2018-01-28,120.2
2018-01-29,120.2
2018-01-30,120.2
2018-01-31,120.2
2018-02-01,120.7
2018-02-02,120.7
2018-02-03,120.7
2018-02-04,120.7
2018-02-05,120.7
2018-02-06,120.7
2018-02-07,120.7
2018-02-08,120.7
2018-02-09,120.7
2018-02-10,120.7
2018-02-11,120.7
2018-02-12,120.7
2018-02-13,120.7
2018-02-14,120.7
2018-02-15,120.7
2018-02-16,120.7
2018-02-17,120.7
2018-02-18,120.7
2018-02-19,120.7
2018-02-20,120.7
2018-02-21,120.7
2018-02-22,120.7
2018-02-23,120.7
2018-02-24,120.7
2018-02-25,120.7
2018-02-26,120.7
2018-02-27,120.7
2018-02-28,120.7
2018-03-01,120.9
2018-03-02,120.9
2018-03-03,120.9
2018-03-04,120.9
2018-03-05,120.9
2018-03-06,120.9
2018-03-07,120.9
2018-03-08,120.9
2018-03-09,120.9
2018-03-10,120.9
2018-03-11,120.9
2018-03-12,120.9
2018-03-13,120.9
2018-03-14,120.9
2018-03-15,120.9
2018-03-16,120.9
2018-03-17,120.9
2018-03-18,120.9
2018-03-19,120.9
2018-03-20,120.9
2018-03-21,120.9
2018-03-22,120.9
2018-03-23,120.9
2018-03-24,120.9
2018-03-25,120.9
2018-03-26,120.9
2018-03-27,120.9
2018-03-28,120.9
2018-03-29,120.9
2018-03-30,120.9
2018-03-31,120.9
2018-04-01,122.0
2018-04-02,122.0
2018-04-03,122.0
2018-04-04,122.0
2018-04-05,122.0
2018-04-06,122.0
2018-04-07,122.0
2018-04-08,122.0
2018-04-09,122.0
2018-04-10,122.0
2018-04-11,122.0
2018-04-12,122.0
2018-04-13,122.0
2018-04-14,122.0
2018-04-15,122.0
2018-04-16,122.0
2018-04-17,122.0
2018-04-18,122.0
2018-04-19,122.0
2018-04-20,122.0
2018-04-21,122.0
2018-04-22,122.0
2018-04-23,122.0
2018-04-24,122.0
2018-04-25,122.0
2018-04-26,122.0
2018-04-27,122.0
2018-04-28,122.0
2018-04-29,122.0
2018-04-30,122.0
2018-05-01,121.6
2018-05-02,121.6
2018-05-03,121.6
2018-05-04,121.6
2018-05-05,121.6
2018-05-06,121.6
2018-05-07,121.6
2018-05-08,121.6
2018-05-09,121.6
2018-05-10,121.6
2018-05-11,121.6
2018-05-12,121.6
2018-05-13,121.6
2018-05-14,121.6
2018-05-15,121.6
2018-05-16,121.6
2018-05-17,121.6
2018-05-18,121.6
2018-05-19,121.6
2018-05-20,121.6
2018-05-21,121.6
2018-05-22,121.6
2018-05-23,121.6
2018-05-24,121.6
2018-05-25,121.6
2018-05-26,121.6
2018-05-27,121.6
2018-05-28,121.6
2018-05-29,121.6
2018-05-30,121.6
2018-05-31,121.6
2018-06-01,121.7
2018-06-02,121.7
2018-06-03,121.7
2018-06-04,121.7
2018-06-05,121.7
2018-06-06,121.7
2018-06-07,121.7
2018-06-08,121.7
2018-06-09,121.7
2018-06-10,121.7
2018-06-11,121.7
2018-06-12,121.7
2018-06-13,121.7
2018-06-14,121.7
2018-06-15,121.7
2018-06-16,121.7
2018-06-17,121.7
2018-06-18,121.7
2018-06-19,121.7
2018-06-20,121.7
2018-06-21,121.7
2018-06-22,121.7
2018-06-23,121.7
2018-06-24,121.7
2018-06-25,121.7
2018-06-26,121.7
2018-06-27,121.7
2018-06-28,121.7
2018-06-29,121.7
2018-06-30,121.7
2018-07-01,121.6
2018-07-02,121.6
2018-07-03,121.6
2018-07-04,121.6
2018-07-05,121.6
2018-07-06,121.6
2018-07-07,121.6
2018-07-08,121.6
2018-07-09,121.6
2018-07-10,121.6
2018-07-11,121.6
2018-07-12,121.6
2018-07-13,121.6
2018-07-14,121.6
2018-07-15,121.6
2018-07-16,121.6
2018-07-17,121.6
2018-07-18,121.6
2018-07-19,121.6
2018-07-20,121.6
2018-07-21,121.6
2018-07-22,121.6
2018-07-23,121.6
2018-07-24,121.6
2018-07-25,121.6
2018-07-26,121.6
2018-07-27,121.6
2018-07-28,121.6
2018-07-29,121.6
2018-07-30,121.6
2018-07-31,121.6
2018-08-01,121.4
2018-08-02,121.4
2018-08-03,121.4
2018-08-04,121.4
2018-08-05,121.4
2018-08-06,121.4
2018-08-07,121.4
2018-08-08,121.4
2018-08-09,121.4
2018-08-10,121.4
2018-08-11,121.4
2018-08-12,121.4
2018-08-13,121.4
2018-08-14,121.4
2018-08-15,121.4
2018-08-16,121.4
2018-08-17,121.4
2018-08-18,121.4
2018-08-19,121.4
2018-08-20,121.4
2018-08-21,121.4
2018-08-22,121.4
2018-08-23,121.4
2018-08-24,121.4
2018-08-25,121.4
2018-08-26,121.4
2018-08-27,121.4
2018-08-28,121.4
2018-08-29,121.4
2018-08-30,121.4
2018-08-31,121.4
2018-09-01,121.1
2018-09-02,121.1
2018-09-03,121.1
2018-09-04,121.1
2018-09-05,121.1
2018-09-06,121.1
2018-09-07,121.1
2018-09-08,121.1
2018-09-09,121.1
2018-09-10,121.1
2018-09-11,121.1
2018-09-12,121.1
2018-09-13,121.1
2018-09-14,121.1
2018-09-15,121.1
2018-09-16,121.1
2018-09-17,121.1
2018-09-18,121.1
2018-09-19,121.1
2018-09-20,121.1
2018-09-21,121.1
2018-09-22,121.1
2018-09-23,121.1
2018-09-24,121.1
2018-09-25,121.1
2018-09-26,121.1
2018-09-27,121.1
2018-09-28,121.1
2018-09-29,121.1
2018-09-30,121.1
2018-10-01,121.4
2018-10-02,121.4
2018-10-03,121.4
2018-10-04,121.4
2018-10-05,121.4
2018-10-06,121.4
2018-10-07,121.4
2018-10-08,121.4
2018-10-09,121.4
2018-10-10,121.4
2018-10-11,121.4
2018-10-12,121.4
2018-10-13,121.4
2018-10-14,121.4
2018-10-15,121.4
2018-10-16,121.4
2018-10-17,121.4
2018-10-18,121.4
2018-10-19,121.4
2018-10-20,121.4
2018-10-21,121.4
2018-10-22,121.4
2018-10-23,121.4
2018-10-24,121.4
2018-10-25,121.4
2018-10-26,121.4
2018-10-27,121.4
2018-10-28,121.4
2018-10-29,121.4
2018-10-30,121.4
2018-10-31,121.4
2018-11-01,120.5
2018-11-02,120.5
2018-11-03,120.5
2018-11-04,120.5
2018-11-05,120.5
2018-11-06,120.5
2018-11-07,120.5
2018-11-08,120.5
2018-11-09,120.5
2018-11-10,120.5
2018-11-11,120.5
2018-11-12,120.5
2018-11-13,120.5
2018-11-14,120.5
2018-11-15,120.5
2018-11-16,120.5
2018-11-17,120.5
2018-11-18,120.5
2018-11-19,120.5
2018-11-20,120.5
2018-11-21,120.5
2018-11-22,120.5
2018-11-23,120.5
2018-11-24,120.5
2018-11-25,120.5
2018-11-26,120.5
2018-11-27,120.5
2018-11-28,120.5
2018-11-29,120.5
2018-11-30,120.5
2018-12-01,119.6
2018-12-02,119.6
2018-12-03,119.6
2018-12-04,119.6
2018-12-05,119.6
2018-12-06,119.6
2018-12-07,119.6
2018-12-08,119.6
2018-12-09,119.6
2018-12-10,119.6
2018-12-11,119.6
2018-12-12,119.6
2018-12-13,119.6
2018-12-14,119.6
2018-12-15,119.6
2018-12-16,119.6
2018-12-17,119.6
2018-12-18,119.6
2018-12-19,119.6
2018-12-20,119.6
2018-12-21,119.6
2018-12-22,119.6
2018-12-23,119.6
2018-12-24,119.6
2018-12-25,119.6
2018-12-26,119.6
2018-12-27,119.6
2018-12-28,119.6
2018-12-29,119.6
2018-12-30,119.6
2018-12-31,119.6
2019-01-01,120.0
2019-01-02,120.0
2019-01-03,120.0
2019-01-04,120.0
2019-01-05,120.0
2019-01-06,120.0
2019-01-07,120.0
2019-01-08,120.0
2019-01-09,120.0
2019-01-10,120.0
2019-01-11,120.0
2019-01-12,120.0
2019-01-13,120.0
2019-01-14,120.0
2019-01-15,120.0
2019-01-16,120.0
2019-01-17,120.0
2019-01-18,120.0
2019-01-19,120.0
2019-01-20,120.0
2019-01-21,120.0
2019-01-22,120.0
2019-01-23,120.0
2019-01-24,120.0
2019-01-25,120.0
2019-01-26,120.0
2019-01-27,120.0
2019-01-28,120.0
2019-01-29,120.0
2019-01-30,120.0
2019-01-31,120.0
2019-02-01,121.4
2019-02-02,121.4
2019-02-03,121.4
2019-02-04,121.4
2019-02-05,121.4
2019-02-06,121.4
2019-02-07,121.4
2019-02-08,121.4
2019-02-09,121.4
2019-02-10,121.4
2019-02-11,121.4
2019-02-12,121.4
2019-02-13,121.4
2019-02-14,121.4
2019-02-15,121.4
2019-02-16,121.4
2019-02-17,121.4
2019-02-18,121.4
2019-02-19,121.4
2019-02-20,121.4
2019-02-21,121.4
2019-02-22,121.4
2019-02-23,121.4
2019-02-24,121.4
2019-02-25,121.4
2019-02-26,121.4
2019-02-27,121.4
2019-02-28,121.4
2019-03-01,122.7
2019-03-02,122.7
2019-03-03,122.7
2019-03-04,122.7
2019-03-05,122.7
2019-03-06,122.7
2019-03-07,122.7
2019-03-08,122.7
2019-03-09,122.7
2019-03-10,122.7
2019-03-11,122.7
2019-03-12,122.7
2019-03-13,122.7
2019-03-14,122.7
2019-03-15,122.7
2019-03-16,122.7
2019-03-17,122.7
2019-03-18,122.7
2019-03-19,122.7
2019-03-20,122.7
2019-03-21,122.7
2019-03-22,122.7
2019-03-23,122.7
2019-03-24,122.7
2019-03-25,122.7
2019-03-26,122.7
2019-03-27,122.7
2019-03-28,122.7
2019-03-29,122.7
2019-03-30,122.7
2019-03-31,122.7
2019-04-01,123.7
2019-04-02,123.7
2019-04-03,123.7
2019-04-04,123.7
2019-04-05,123.7
2019-04-06,123.7
2019-04-07,123.7
2019-04-08,123.7
2019-04-09,123.7
2019-04-10,123.7
2019-04-11,123.7
2019-04-12,123.7
2019-04-13,123.7
2019-04-14,123.7
2019-04-15,123.7
2019-04-16,123.7
2019-04-17,123.7
2019-04-18,123.7
2019-04-19,123.7
2019-04-20,123.7
2019-04-21,123.7
2019-04-22,123.7
2019-04-23,123.7
2019-04-24,123.7
2019-04-25,123.7
2019-04-26,123.7
2019-04-27,123.7
2019-04-28,123.7
2019-04-29,123.7
2019-04-30,123.7
2019-05-01,123.9
2019-05-02,123.9
2019-05-03,123.9
2019-05-04,123.9
2019-05-05,123.9
2019-05-06,123.9
2019-05-07,123.9
2019-05-08,123.9
2019-05-09,123.9
2019-05-10,123.9
2019-05-11,123.9
2019-05-12,123.9
2019-05-13,123.9
2019-05-14,123.9
2019-05-15,123.9
2019-05-16,123.9
2019-05-17,123.9
2019-05-18,123.9
2019-05-19,123.9
2019-05-20,123.9
2019-05-21,123.9
2019-05-22,123.9
2019-05-23,123.9
2019-05-24,123.9
2019-05-25,123.9
2019-05-26,123.9
2019-05-27,123.9
2019-05-28,123.9
2019-05-29,123.9
2019-05-30,123.9
2019-05-31,123.9
2019-06-01,122.8
2019-06-02,122.8
2019-06-03,122.8
2019-06-04,122.8
2019-06-05,122.8
2019-06-06,122.8
2019-06-07,122.8
2019-06-08,122.8
2019-06-09,122.8
2019-06-10,122.8
2019-06-11,122.8
2019-06-12,122.8
2019-06-13,122.8
2019-06-14,122.8
2019-06-15,122.8
2019-06-16,122.8
2019-06-17,122.8
2019-06-18,122.8
2019-06-19,122.8
2019-06-20,122.8
2019-06-21,122.8
2019-06-22,122.8
2019-06-23,122.8
2019-06-24,122.8
2019-06-25,122.8
2019-06-26,122.8
2019-06-27,122.8
2019-06-28,122.8
2019-06-29,122.8
2019-06-30,122.8
2019-07-01,123.2
2019-07-02,123.2
2019-07-03,123.2
2019-07-04,123.2
2019-07-05,123.2
2019-07-06,123.2
2019-07-07,123.2
2019-07-08,123.2
2019-07-09,123.2
2019-07-10,123.2
2019-07-11,123.2
2019-07-12,123.2
2019-07-13,123.2
2019-07-14,123.2
2019-07-15,123.2
2019-07-16,123.2
2019-07-17,123.2
2019-07-18,123.2
2019-07-19,123.2
2019-07-20,123.2
2019-07-21,123.2
2019-07-22,123.2
2019-07-23,123.2
2019-07-24,123.2
2019-07-25,123.2
2019-07-26,123.2
2019-07-27,123.2
2019-07-28,123.2
2019-07-29,123.2
2019-07-30,123.2
2019-07-31,123.2
2019-08-01,122.5
2019-08-02,122.5
2019-08-03,122.5
2019-08-04,122.5
2019-08-05,122.5
2019-08-06,122.5
2019-08-07,122.5
2019-08-08,122.5
2019-08-09,122.5
2019-08-10,122.5
2019-08-11,122.5
2019-08-12,122.5
2019-08-13,122.5
2019-08-14,122.5
2019-08-15,122.5
2019-08-16,122.5
2019-08-17,122.5
2019-08-18,122.5
2019-08-19,122.5
2019-08-20,122.5
2019-08-21,122.5
2019-08-22,122.5
2019-08-23,122.5
2019-08-24,122.5
2019-08-25,122.5
2019-08-26,122.5
2019-08-27,122.5
2019-08-28,122.5
2019-08-29,122.5
2019-08-30,122.5
2019-08-31,122.5
2019-09-01,122.7
2019-09-02,122.7
2019-09-03,122.7
2019-09-04,122.7
2019-09-05,122.7
2019-09-06,122.7
2019-09-07,122.7
2019-09-08,122.7
2019-09-09,122.7
2019-09-10,122.7
2019-09-11,122.7
2019-09-12,122.7
2019-09-13,122.7
2019-09-14,122.7
2019-09-15,122.7
2019-09-16,122.7
2019-09-17,122.7
2019-09-18,122.7
2019-09-19,122.7
2019-09-20,122.7
2019-09-21,122.7
2019-09-22,122.7
2019-09-23,122.7
2019-09-24,122.7
2019-09-25,122.7
2019-09-26,122.7
2019-09-27,122.7
2019-09-28,122.7
2019-09-29,122.7
2019-09-30,122.7
2019-10-01,123.0
2019-10-02,123.0
2019-10-03,123.0
2019-10-04,123.0
2019-10-05,123.0
2019-10-06,123.0
2019-10-07,123.0
2019-10-08,123.0
2019-10-09,123.0
2019-10-10,123.0
2019-10-11,123.0
2019-10-12,123.0
2019-10-13,123.0
2019-10-14,123.0
2019-10-15,123.0
2019-10-16,123.0
2019-10-17,123.0
2019-10-18,123.0
2019-10-19,123.0
2019-10-20,123.0
2019-10-21,123.0
2019-10-22,123.0
2019-10-23,123.0
2019-10-24,123.0
2019-10-25,123.0
2019-10-26,123.0
2019-10-27,123.0
2019-10-28,123.0
2019-10-29,123.0
2019-10-30,123.0
2019-10-31,123.0
2019-11-01,123.3
2019-11-02,123.3
2019-11-03,123.3
2019-11-04,123.3
2019-11-05,123.3
2019-11-06,123.3
2019-11-07,123.3
2019-11-08,123.3
2019-11-09,123.3
2019-11-10,123.3
2019-11-11,123.3
2019-11-12,123.3
2019-11-13,123.3
2019-11-14,123.3
2019-11-15,123.3
2019-11-16,123.3
2019-11-17,123.3
2019-11-18,123.3
2019-11-19,123.3
2019-11-20,123.3
2019-11-21,123.3
2019-11-22,123.3
2019-11-23,123.3
2019-11-24,123.3
2019-11-25,123.3
2019-11-26,123.3
2019-11-27,123.3
2019-11-28,123.3
2019-11-29,123.3
2019-11-30,123.3
2019-12-01,122.6
2019-12-02,122.6
2019-12-03,122.6
2019-12-04,122.6
2019-12-05,122.6
2019-12-06,122.6
2019-12-07,122.6
2019-12-08,122.6
2019-12-09,122.6
2019-12-10,122.6
2019-12-11,122.6
2019-12-12,122.6
2019-12-13,122.6
2019-12-14,122.6
2019-12-15,122.6
2019-12-16,122.6
2019-12-17,122.6
2019-12-18,122.6
2019-12-19,122.6
2019-12-20,122.6
2019-12-21,122.6
2019-12-22,122.6
2019-12-23,122.6
2019-12-24,122.6
2019-12-25,122.6
2019-12-26,122.6
2019-12-27,122.6
2019-12-28,122.6
2019-12-29,122.6
2019-12-30,122.6
2019-12-31,122.6
2020-01-01,123.7
2020-01-02,123.7
2020-01-03,123.7
2020-01-04,123.7
2020-01-05,123.7
2020-01-06,123.7
2020-01-07,123.7
2020-01-08,123.7
2020-01-09,123.7
2020-01-10,123.7
2020-01-11,123.7
2020-01-12,123.7
2020-01-13,123.7
2020-01-14,123.7
2020-01-15,123.7
2020-01-16,123.7
2020-01-17,123.7
2020-01-18,123.7
2020-01-19,123.7
2020-01-20,123.7
2020-01-21,123.7
2020-01-22,123.7
2020-01-23,123.7
2020-01-24,123.7
2020-01-25,123.7
2020-01-26,123.7
2020-01-27,123.7
2020-01-28,123.7
2020-01-29,123.7
2020-01-30,123.7
2020-01-31,123.7
2020-02-01,123.9
2020-02-02,123.9
2020-02-03,123.9
2020-02-04,123.9
2020-02-05,123.9
2020-02-06,123.9
2020-02-07,123.9
2020-02-08,123.9
2020-02-09,123.9
2020-02-10,123.9
2020-02-11,123.9
2020-02-12,123.9
2020-02-13,123.9
2020-02-14,123.9
2020-02-15,123.9
2020-02-16,123.9
2020-02-17,123.9
2020-02-18,123.9
2020-02-19,123.9
2020-02-20,123.9
2020-02-21,123.9
2020-02-22,123.9
2020-02-23,123.9
2020-02-24,123.9
2020-02-25,123.9
2020-02-26,123.9
2020-02-27,123.9
2020-02-28,123.9
2020-02-29,123.9
2020-03-01,122.0
2020-03-02,122.0
2020-03-03,122.0
2020-03-04,122.0
2020-03-05,122.0
2020-03-06,122.0
2020-03-07,122.0
2020-03-08,122.0
2020-03-09,122.0
2020-03-10,122.0
2020-03-11,122.0
2020-03-12,122.0
2020-03-13,122.0
2020-03-14,122.0
2020-03-15,122.0
2020-03-16,122.0
2020-03-17,122.0
2020-03-18,122.0
2020-03-19,122.0
2020-03-20,122.0
2020-03-21,122.0
2020-03-22,122.0
2020-03-23,122.0
2020-03-24,122.0
2020-03-25,122.0
2020-03-26,122.0
2020-03-27,122.0
2020-03-28,122.0
2020-03-29,122.0
2020-03-30,122.0
2020-03-31,122.0
2020-04-01,120.2
2020-04-02,120.2
2020-04-03,120.2
2020-04-04,120.2
2020-04-05,120.2
2020-04-06,120.2
2020-04-07,120.2
2020-04-08,120.2
2020-04-09,120.2
2020-04-10,120.2
2020-04-11,120.2
2020-04-12,120.2
2020-04-13,120.2
2020-04-14,120.2
2020-04-15,120.2
2020-04-16,120.2
2020-04-17,120.2
2020-04-18,120.2
2020-04-19,120.2
2020-04-20,120.2
2020-04-21,120.2
2020-04-22,120.2
2020-04-23,120.2
2020-04-24,120.2
2020-04-25,120.2
2020-04-26,120.2
2020-04-27,120.2
2020-04-28,120.2
2020-04-29,120.2
2020-04-30,120.2
2020-05-01,121.0
2020-05-02,121.0
2020-05-03,121.0
2020-05-04,121.0
2020-05-05,121.0
2020-05-06,121.0
2020-05-07,121.0
2020-05-08,121.0
2020-05-09,121.0
2020-05-10,121.0
2020-05-11,121.0
2020-05-12,121.0
2020-05-13,121.0
2020-05-14,121.0
2020-05-15,121.0
2020-05-16,121.0
2020-05-17,121.0
2020-05-18,121.0
2020-05-19,121.0
2020-05-20,121.0
2020-05-21,121.0
2020-05-22,121.0
2020-05-23,121.0
2020-05-24,121.0
2020-05-25,121.0
2020-05-26,121.0
2020-05-27,121.0
2020-05-28,121.0
2020-05-29,121.0
2020-05-30,121.0
2020-05-31,121.0
2020-06-01,122.6
2020-06-02,122.6
2020-06-03,122.6
2020-06-04,122.6
2020-06-05,122.6
2020-06-06,122.6
2020-06-07,122.6
2020-06-08,122.6
2020-06-09,122.6
2020-06-10,122.6
2020-06-11,122.6
2020-06-12,122.6
2020-06-13,122.6
2020-06-14,122.6
2020-06-15,122.6
2020-06-16,122.6
2020-06-17,122.6
2020-06-18,122.6
2020-06-19,122.6
2020-06-20,122.6
2020-06-21,122.6
2020-06-22,122.6
2020-06-23,122.6
2020-06-24,122.6
2020-06-25,122.6
2020-06-26,122.6
2020-06-27,122.6
2020-06-28,122.6
2020-06-29,122.6
2020-06-30,122.6
2020-07-01,122.9
2020-07-02,122.9
2020-07-03,122.9
2020-07-04,122.9
2020-07-05,122.9
2020-07-06,122.9
2020-07-07,122.9
2020-07-08,122.9
2020-07-09,122.9
2020-07-10,122.9
2020-07-11,122.9
2020-07-12,122.9
2020-07-13,122.9
2020-07-14,122.9
2020-07-15,122.9
2020-07-16,122.9
2020-07-17,122.9
2020-07-18,122.9
2020-07-19,122.9
2020-07-20,122.9
2020-07-21,122.9
2020-07-22,122.9
2020-07-23,122.9
2020-07-24,122.9
2020-07-25,122.9
2020-07-26,122.9
2020-07-27,122.9
2020-07-28,122.9
2020-07-29,122.9
2020-07-30,122.9
2020-07-31,122.9
2020-08-01,122.3
2020-08-02,122.3
2020-08-03,122.3
2020-08-04,122.3
2020-08-05,122.3
2020-08-06,122.3
2020-08-07,122.3
2020-08-08,122.3
2020-08-09,122.3
2020-08-10,122.3
2020-08-11,122.3
2020-08-12,122.3
2020-08-13,122.3
2020-08-14,122.3
2020-08-15,122.3
2020-08-16,122.3
2020-08-17,122.3
2020-08-18,122.3
2020-08-19,122.3
2020-08-20,122.3
2020-08-21,122.3
2020-08-22,122.3
2020-08-23,122.3
2020-08-24,122.3
2020-08-25,122.3
2020-08-26,122.3
2020-08-27,122.3
2020-08-28,122.3
2020-08-29,122.3
2020-08-30,122.3
2020-08-31,122.3
2020-09-01,122.2
2020-09-02,122.2
2020-09-03,122.2
2020-09-04,122.2
2020-09-05,122.2
2020-09-06,122.2
2020-09-07,122.2
2020-09-08,122.2
2020-09-09,122.2
2020-09-10,122.2
2020-09-11,122.2
2020-09-12,122.2
2020-09-13,122.2
2020-09-14,122.2
2020-09-15,122.2
2020-09-16,122.2
2020-09-17,122.2
2020-09-18,122.2
2020-09-19,122.2
2020-09-20,122.2
2020-09-21,122.2
2020-09-22,122.2
2020-09-23,122.2
2020-09-24,122.2
2020-09-25,122.2
2020-09-26,122.2
2020-09-27,122.2
2020-09-28,122.2
2020-09-29,122.2
2020-09-30,122.2
2020-10-01,122.9
2020-10-02,122.9
2020-10-03,122.9
2020-10-04,122.9
2020-10-05,122.9
2020-10-06,122.9
2020-10-07,122.9
2020-10-08,122.9
2020-10-09,122.9
2020-10-10,122.9
2020-10-11,122.9
2020-10-12,122.9
2020-10-13,122.9
2020-10-14,122.9
2020-10-15,122.9
2020-10-16,122.9
2020-10-17,122.9
2020-10-18,122.9
2020-10-19,122.9
2020-10-20,122.9
2020-10-21,122.9
2020-10-22,122.9
2020-10-23,122.9
2020-10-24,122.9
2020-10-25,122.9
2020-10-26,122.9
2020-10-27,122.9
2020-10-28,122.9
2020-10-29,122.9
2020-10-30,122.9
2020-10-31,122.9
2020-11-01,123.2
2020-11-02,123.2
2020-11-03,123.2
2020-11-04,123.2
2020-11-05,123.2
2020-11-06,123.2
2020-11-07,123.2
2020-11-08,123.2
2020-11-09,123.2
2020-11-10,123.2
2020-11-11,123.2
2020-11-12,123.2
2020-11-13,123.2
2020-11-14,123.2
2020-11-15,123.2
2020-11-16,123.2
2020-11-17,123.2
2020-11-18,123.2
2020-11-19,123.2
2020-11-20,123.2
2020-11-21,123.2
2020-11-22,123.2
2020-11-23,123.2
2020-11-24,123.2
2020-11-25,123.2
2020-11-26,123.2
2020-11-27,123.2
2020-11-28,123.2
2020-11-29,123.2
2020-11-30,123.2
2020-12-01,122.5
2020-12-02,122.5
2020-12-03,122.5
2020-12-04,122.5
2020-12-05,122.5
2020-12-06,122.5
2020-12-07,122.5
2020-12-08,122.5
2020-12-09,122.5
2020-12-10,122.5
2020-12-11,122.5
2020-12-12,122.5
2020-12-13,122.5
2020-12-14,122.5
2020-12-15,122.5
2020-12-16,122.5
2020-12-17,122.5
2020-12-18,122.5
2020-12-19,122.5
2020-12-20,122.5
2020-12-21,122.5
2020-12-22,122.5
2020-12-23,122.5
2020-12-24,122.5
2020-12-25,122.5
2020-12-26,122.5
2020-12-27,122.5
2020-12-28,122.5
2020-12-29,122.5
2020-12-30,122.5
2020-12-31,122.5
2021-01-01,123.8
2021-01-02,123.8
2021-01-03,123.8
2021-01-04,123.8
2021-01-05,123.8
2021-01-06,123.8
2021-01-07,123.8
2021-01-08,123.8
2021-01-09,123.8
2021-01-10,123.8
2021-01-11,123.8
2021-01-12,123.8
2021-01-13,123.8
2021-01-14,123.8
2021-01-15,123.8
2021-01-16,123.8
2021-01-17,123.8
2021-01-18,123.8
2021-01-19,123.8
2021-01-20,123.8
2021-01-21,123.8
2021-01-22,123.8
2021-01-23,123.8
2021-01-24,123.8
2021-01-25,123.8
2021-01-26,123.8
2021-01-27,123.8
2021-01-28,123.8
2021-01-29,123.8
2021-01-30,123.8
2021-01-31,123.8
2021-02-01,125.2
2021-02-02,125.2
2021-02-03,125.2
2021-02-04,125.2
2021-02-05,125.2
2021-02-06,125.2
2021-02-07,125.2
2021-02-08,125.2
2021-02-09,125.2
2021-02-10,125.2
2021-02-11,125.2
2021-02-12,125.2
2021-02-13,125.2
2021-02-14,125.2
2021-02-15,125.2
2021-02-16,125.2
2021-02-17,125.2
2021-02-18,125.2
2021-02-19,125.2
2021-02-20,125.2
2021-02-21,125.2
2021-02-22,125.2
2021-02-23,125.2
2021-02-24,125.2
2021-02-25,125.2
2021-02-26,125.2
2021-02-27,125.2
2021-02-28,125.2
2021-03-01,126.2
2021-03-02,126.2
2021-03-03,126.2
2021-03-04,126.2
2021-03-05,126.2
2021-03-06,126.2
2021-03-07,126.2
2021-03-08,126.2
2021-03-09,126.2
2021-03-10,126.2
2021-03-11,126.2
2021-03-12,126.2
2021-03-13,126.2
2021-03-14,126.2
2021-03-15,126.2
2021-03-16,126.2
2021-03-17,126.2
2021-03-18,126.2
2021-03-19,126.2
2021-03-20,126.2
2021-03-21,126.2
2021-03-22,126.2
2021-03-23,126.2
2021-03-24,126.2
2021-03-25,126.2
2021-03-26,126.2
2021-03-27,126.2
2021-03-28,126.2
2021-03-29,126.2
2021-03-30,126.2
2021-03-31,126.2
2021-04-01,126.8
2021-04-02,126.8
2021-04-03,126.8
2021-04-04,126.8
2021-04-05,126.8
2021-04-06,126.8
2021-04-07,126.8
2021-04-08,126.8
2021-04-09,126.8
2021-04-10,126.8
2021-04-11,126.8
2021-04-12,126.8
2021-04-13,126.8
2021-04-14,126.8
2021-04-15,126.8
2021-04-16,126.8
2021-04-17,126.8
2021-04-18,126.8
2021-04-19,126.8
2021-04-20,126.8
2021-04-21,126.8
2021-04-22,126.8
2021-04-23,126.8
2021-04-24,126.8
2021-04-25,126.8
2021-04-26,126.8
2021-04-27,126.8
2021-04-28,126.8
2021-04-29,126.8
2021-04-30,126.8
2021-05-01,127.9
2021-05-02,127.9
2021-05-03,127.9
2021-05-04,127.9
2021-05-05,127.9
2021-05-06,127.9
2021-05-07,127.9
2021-05-08,127.9
2021-05-09,127.9
2021-05-10,127.9
2021-05-11,127.9
2021-05-12,127.9
2021-05-13,127.9
2021-05-14,127.9
2021-05-15,127.9
2021-05-16,127.9
2021-05-17,127.9
2021-05-18,127.9
2021-05-19,127.9
2021-05-20,127.9
2021-05-21,127.9
2021-05-22,127.9
2021-05-23,127.9
2021-05-24,127.9
2021-05-25,127.9
2021-05-26,127.9
2021-05-27,127.9
2021-05-28,127.9
2021-05-29,127.9
2021-05-30,127.9
2021-05-31,127.9
2021-06-01,128.1
2021-06-02,128.1
2021-06-03,128.1
2021-06-04,128.1
2021-06-05,128.1
2021-06-06,128.1
2021-06-07,128.1
2021-06-08,128.1
2021-06-09,128.1
2021-06-10,128.1
2021-06-11,128.1
2021-06-12,128.1
2021-06-13,128.1
2021-06-14,128.1
2021-06-15,128.1
2021-06-16,128.1
2021-06-17,128.1
2021-06-18,128.1
2021-06-19,128.1
2021-06-20,128.1
2021-06-21,128.1
2021-06-22,128.1
2021-06-23,128.1
2021-06-24,128.1
2021-06-25,128.1
2021-06-26,128.1
2021-06-27,128.1
2021-06-28,128.1
2021-06-29,128.1
2021-06-30,128.1
2021-07-01,129.1
2021-07-02,129.1
2021-07-03,129.1
2021-07-04,129.1
2021-07-05,129.1
2021-07-06,129.1
2021-07-07,129.1
2021-07-08,129.1
2021-07-09,129.1
2021-07-10,129.1
2021-07-11,129.1
2021-07-12,129.1
2021-07-13,129.1
2021-07-14,129.1
2021-07-15,129.1
2021-07-16,129.1
2021-07-17,129.1
2021-07-18,129.1
2021-07-19,129.1
2021-07-20,129.1
2021-07-21,129.1
2021-07-22,129.1
2021-07-23,129.1
2021-07-24,129.1
2021-07-25,129.1
2021-07-26,129.1
2021-07-27,129.1
2021-07-28,129.1
2021-07-29,129.1
2021-07-30,129.1
2021-07-31,129.1
2021-08-01,129.4
2021-08-02,129.4
2021-08-03,129.4
2021-08-04,129.4
2021-08-05,129.4
2021-08-06,129.4
2021-08-07,129.4
2021-08-08,129.4
2021-08-09,129.4
2021-08-10,129.4
2021-08-11,129.4
2021-08-12,129.4
2021-08-13,129.4
2021-08-14,129.4
2021-08-15,129.4
2021-08-16,129.4
2021-08-17,129.4
2021-08-18,129.4
2021-08-19,129.4
2021-08-20,129.4
2021-08-21,129.4
2021-08-22,129.4
2021-08-23,129.4
2021-08-24,129.4
2021-08-25,129.4
2021-08-26,129.4
2021-08-27,129.4
2021-08-28,129.4
2021-08-29,129.4
2021-08-30,129.4
2021-08-31,129.4
2021-09-01,129.6
2021-09-02,129.6
2021-09-03,129.6
2021-09-04,129.6
2021-09-05,129.6
2021-09-06,129.6
2021-09-07,129.6
2021-09-08,129.6
2021-09-09,129.6
2021-09-10,129.6
2021-09-11,129.6
2021-09-12,129.6
2021-09-13,129.6
2021-09-14,129.6
2021-09-15,129.6
2021-09-16,129.6
2021-09-17,129.6
2021-09-18,129.6
2021-09-19,129.6
2021-09-20,129.6
2021-09-21,129.6
2021-09-22,129.6
2021-09-23,129.6
2021-09-24,129.6
2021-09-25,129.6
2021-09-26,129.6
2021-09-27,129.6
2021-09-28,129.6
2021-09-29,129.6
2021-09-30,129.6
2021-10-01,130.9
2021-10-02,130.9
2021-10-03,130.9
2021-10-04,130.9
2021-10-05,130.9
2021-10-06,130.9
2021-10-07,130.9
2021-10-08,130.9
2021-10-09,130.9
2021-10-10,130.9
2021-10-11,130.9
2021-10-12,130.9
2021-10-13,130.9
2021-10-14,130.9
2021-10-15,130.9
2021-10-16,130.9
2021-10-17,130.9
2021-10-18,130.9
2021-10-19,130.9
2021-10-20,130.9
2021-10-21,130.9
2021-10-22,130.9
2021-10-23,130.9
2021-10-24,130.9
2021-10-25,130.9
2021-10-26,130.9
2021-10-27,130.9
2021-10-28,130.9
2021-10-29,130.9
2021-10-30,130.9
2021-10-31,130.9
2021-11-01,131.7
2021-11-02,131.7
2021-11-03,131.7
2021-11-04,131.7
2021-11-05,131.7
2021-11-06,131.7
2021-11-07,131.7
2021-11-08,131.7
2021-11-09,131.7
2021-11-10,131.7
2021-11-11,131.7
2021-11-12,131.7
2021-11-13,131.7
2021-11-14,131.7
2021-11-15,131.7
2021-11-16,131.7
2021-11-17,131.7
2021-11-18,131.7
2021-11-19,131.7
2021-11-20,131.7
2021-11-21,131.7
2021-11-22,131.7
2021-11-23,131.7
2021-11-24,131.7
2021-11-25,131.7
2021-11-26,131.7
2021-11-27,131.7
2021-11-28,131.7
2021-11-29,131.7
2021-11-30,131.7
2021-12-01,130.8
2021-12-02,130.8
2021-12-03,130.8
2021-12-04,130.8
2021-12-05,130.8
2021-12-06,130.8
2021-12-07,130.8
2021-12-08,130.8
2021-12-09,130.8
2021-12-10,130.8
2021-12-11,130.8
2021-12-12,130.8
2021-12-13,130.8
2021-12-14,130.8
2021-12-15,130.8
2021-12-16,130.8
2021-12-17,130.8
2021-12-18,130.8
2021-12-19,130.8
2021-12-20,130.8
2021-12-21,130.8
2021-12-22,130.8
2021-12-23,130.8
2021-12-24,130.8
2021-12-25,130.8
2021-12-26,130.8
2021-12-27,130.8
2021-12-28,130.8
2021-12-29,130.8
2021-12-30,130.8
2021-12-31,130.8
2022-01-01,132.7
2022-01-02,132.7
2022-01-03,132.7
2022-01-04,132.7
2022-01-05,132.7
2022-01-06,132.7
2022-01-07,132.7
2022-01-08,132.7
2022-01-09,132.7
2022-01-10,132.7
2022-01-11,132.7
2022-01-12,132.7
2022-01-13,132.7
2022-01-14,132.7
2022-01-15,132.7
2022-01-16,132.7
2022-01-17,132.7
2022-01-18,132.7
2022-01-19,132.7
2022-01-20,132.7
2022-01-21,132.7
2022-01-22,132.7
2022-01-23,132.7
2022-01-24,132.7
2022-01-25,132.7
2022-01-26,132.7
2022-01-27,132.7
2022-01-28,132.7
2022-01-29,132.7
2022-01-30,132.7
2022-01-31,132.7
2022-02-01,134.7
2022-02-02,134.7
2022-02-03,134.7
2022-02-04,134.7
2022-02-05,134.7
2022-02-06,134.7
2022-02-07,134.7
2022-02-08,134.7
2022-02-09,134.7
2022-02-10,134.7
2022-02-11,134.7
2022-02-12,134.7
2022-02-13,134.7
2022-02-14,134.7
2022-02-15,134.7
2022-02-16,134.7
2022-02-17,134.7
2022-02-18,134.7
2022-02-19,134.7
2022-02-20,134.7
2022-02-21,134.7
2022-02-22,134.7
2022-02-23,134.7
2022-02-24,134.7
2022-02-25,134.7
2022-02-26,134.7
2022-02-27,134.7
2022-02-28,134.7
2022-03-01,137.8
2022-03-02,137.8
2022-03-03,137.8
2022-03-04,137.8
2022-03-05,137.8
2022-03-06,137.8
2022-03-07,137.8
2022-03-08,137.8
2022-03-09,137.8
2022-03-10,137.8
2022-03-11,137.8
2022-03-12,137.8
2022-03-13,137.8
2022-03-14,137.8
2022-03-15,137.8
2022-03-16,137.8
2022-03-17,137.8
2022-03-18,137.8
2022-03-19,137.8
2022-03-20,137.8
2022-03-21,137.8
2022-03-22,137.8
2022-03-23,137.8
2022-03-24,137.8
2022-03-25,137.8
2022-03-26,137.8
2022-03-27,137.8
2022-03-28,137.8
2022-03-29,137.8
2022-03-30,137.8
2022-03-31,137.8
2022-04-01,138.3
2022-04-02,138.3
2022-04-03,138.3
2022-04-04,138.3
2022-04-05,138.3
2022-04-06,138.3
2022-04-07,138.3
2022-04-08,138.3
2022-04-09,138.3
2022-04-10,138.3
2022-04-11,138.3
2022-04-12,138.3
2022-04-13,138.3
2022-04-14,138.3
2022-04-15,138.3
2022-04-16,138.3
2022-04-17,138.3
2022-04-18,138.3
2022-04-19,138.3
2022-04-20,138.3
2022-04-21,138.3
2022-04-22,138.3
2022-04-23,138.3
2022-04-24,138.3
2022-04-25,138.3
2022-04-26,138.3
2022-04-27,138.3
2022-04-28,138.3
2022-04-29,138.3
2022-04-30,138.3
2022-05-01,141.2
2022-05-02,141.2
2022-05-03,141.2
2022-05-04,141.2
2022-05-05,141.2
2022-05-06,141.2
2022-05-07,141.2
2022-05-08,141.2
2022-05-09,141.2
2022-05-10,141.2
2022-05-11,141.2
2022-05-12,141.2
2022-05-13,141.2
2022-05-14,141.2
2022-05-15,141.2
2022-05-16,141.2
2022-05-17,141.2
2022-05-18,141.2
2022-05-19,141.2
2022-05-20,141.2
2022-05-21,141.2
2022-05-22,141.2
2022-05-23,141.2
2022-05-24,141.2
2022-05-25,141.2
2022-05-26,141.2
2022-05-27,141.2
2022-05-28,141.2
2022-05-29,141.2
2022-05-30,141.2
2022-05-31,141.2
2022-06-01,142.4
2022-06-02,142.4
2022-06-03,142.4
2022-06-04,142.4
2022-06-05,142.4
2022-06-06,142.4
2022-06-07,142.4
2022-06-08,142.4
2022-06-09,142.4
2022-06-10,142.4
2022-06-11,142.4
2022-06-12,142.4
2022-06-13,142.4
2022-06-14,142.4
2022-06-15,142.4
2022-06-16,142.4
2022-06-17,142.4
2022-06-18,142.4
2022-06-19,142.4
2022-06-20,142.4
2022-06-21,142.4
2022-06-22,142.4
2022-06-23,142.4
2022-06-24,142.4
2022-06-25,142.4
2022-06-26,142.4
2022-06-27,142.4
2022-06-28,142.4
2022-06-29,142.4
2022-06-30,142.4
2022-07-01,141.5
2022-07-02,141.5
2022-07-03,141.5
2022-07-04,141.5
2022-07-05,141.5
2022-07-06,141.5
2022-07-07,141.5
2022-07-08,141.5
2022-07-09,141.5
2022-07-10,141.5
2022-07-11,141.5
2022-07-12,141.5
2022-07-13,141.5
2022-07-14,141.5
2022-07-15,141.5
2022-07-16,141.5
2022-07-17,141.5
2022-07-18,141.5
2022-07-19,141.5
2022-07-20,141.5
2022-07-21,141.5
2022-07-22,141.5
2022-07-23,141.5
2022-07-24,141.5
2022-07-25,141.5
2022-07-26,141.5
2022-07-27,141.5
2022-07-28,141.5
2022-07-29,141.5
2022-07-30,141.5
2022-07-31,141.5
2022-08-01,140.4
2022-08-02,140.4
2022-08-03,140.4
2022-08-04,140.4
2022-08-05,140.4
2022-08-06,140.4
2022-08-07,140.4
2022-08-08,140.4
2022-08-09,140.4
2022-08-10,140.4
2022-08-11,140.4
2022-08-12,140.4
2022-08-13,140.4
2022-08-14,140.4
2022-08-15,140.4
2022-08-16,140.4
2022-08-17,140.4
2022-08-18,140.4
2022-08-19,140.4
2022-08-20,140.4
2022-08-21,140.4
2022-08-22,140.4
2022-08-23,140.4
2022-08-24,140.4
2022-08-25,140.4
2022-08-26,140.4
2022-08-27,140.4
2022-08-28,140.4
2022-08-29,140.4
2022-08-30,140.4
2022-08-31,140.4
2022-09-01,140.2
2022-09-02,140.2
2022-09-03,140.2
2022-09-04,140.2
2022-09-05,140.2
2022-09-06,140.2
2022-09-07,140.2
2022-09-08,140.2
2022-09-09,140.2
2022-09-10,140.2
2022-09-11,140.2
2022-09-12,140.2
2022-09-13,140.2
2022-09-14,140.2
2022-09-15,140.2
2022-09-16,140.2
2022-09-17,140.2
2022-09-18,140.2
2022-09-19,140.2
2022-09-20,140.2
2022-09-21,140.2
2022-09-22,140.2
2022-09-23,140.2
2022-09-24,140.2
2022-09-25,140.2
2022-09-26,140.2
2022-09-27,140.2
2022-09-28,140.2
2022-09-29,140.2
2022-09-30,140.2
2022-10-01,141.9
2022-10-02,141.9
2022-10-03,141.9
2022-10-04,141.9
2022-10-05,141.9
2022-10-06,141.9
2022-10-07,141.9
2022-10-08,141.9
2022-10-09,141.9
2022-10-10,141.9
2022-10-11,141.9
2022-10-12,141.9
2022-10-13,141.9
2022-10-14,141.9
2022-10-15,141.9
2022-10-16,141.9
2022-10-17,141.9
2022-10-18,141.9
2022-10-19,141.9
2022-10-20,141.9
2022-10-21,141.9
2022-10-22,141.9
2022-10-23,141.9
2022-10-24,141.9
2022-10-25,141.9
2022-10-26,141.9
2022-10-27,141.9
2022-10-28,141.9
2022-10-29,141.9
2022-10-30,141.9
2022-10-31,141.9
2022-11-01,142.2
2022-11-02,142.2
2022-11-03,142.2
2022-11-04,142.2
2022-11-05,142.2
2022-11-06,142.2
2022-11-07,142.2
2022-11-08,142.2
2022-11-09,142.2
2022-11-10,142.2
2022-11-11,142.2
2022-11-12,142.2
2022-11-13,142.2
2022-11-14,142.2
2022-11-15,142.2
2022-11-16,142.2
2022-11-17,142.2
2022-11-18,142.2
2022-11-19,142.2
2022-11-20,142.2
2022-11-21,142.2
2022-11-22,142.2
2022-11-23,142.2
2022-11-24,142.2
2022-11-25,142.2
2022-11-26,142.2
2022-11-27,142.2
2022-11-28,142.2
2022-11-29,142.2
2022-11-30,142.2
2022-12-01,139.8
2022-12-02,139.8
2022-12-03,139.8
2022-12-04,139.8
2022-12-05,139.8
2022-12-06,139.8
2022-12-07,139.8
2022-12-08,139.8
2022-12-09,139.8
2022-12-10,139.8
2022-12-11,139.8
2022-12-12,139.8
2022-12-13,139.8
2022-12-14,139.8
2022-12-15,139.8
2022-12-16,139.8
2022-12-17,139.8
2022-12-18,139.8
2022-12-19,139.8
2022-12-20,139.8
2022-12-21,139.8
2022-12-22,139.8
2022-12-23,139.8
2022-12-24,139.8
2022-12-25,139.8
2022-12-26,139.8
2022-12-27,139.8
2022-12-28,139.8
2022-12-29,139.8
2022-12-30,139.8
2022-12-31,139.8
2023-01-01,141.2
2023-01-02,141.2
2023-01-03,141.2
2023-01-04,141.2
2023-01-05,141.2
2023-01-06,141.2
2023-01-07,141.2
2023-01-08,141.2
2023-01-09,141.2
2023-01-10,141.2
2023-01-11,141.2
2023-01-12,141.2
2023-01-13,141.2
2023-01-14,141.2
2023-01-15,141.2
2023-01-16,141.2
2023-01-17,141.2
2023-01-18,141.2
2023-01-19,141.2
2023-01-20,141.2
2023-01-21,141.2
2023-01-22,141.2
2023-01-23,141.2
2023-01-24,141.2
2023-01-25,141.2
2023-01-26,141.2
2023-01-27,141.2
2023-01-28,141.2
2023-01-29,141.2
2023-01-30,141.2
2023-01-31,141.2
2023-02-01,141.8
2023-02-02,141.8
2023-02-03,141.8
2023-02-04,141.8
2023-02-05,141.8
2023-02-06,141.8
2023-02-07,141.8
2023-02-08,141.8
2023-02-09,141.8
2023-02-10,141.8
2023-02-11,141.8
2023-02-12,141.8
2023-02-13,141.8
2023-02-14,141.8
2023-02-15,141.8
2023-02-16,141.8
2023-02-17,141.8
2023-02-18,141.8
2023-02-19,141.8
2023-02-20,141.8
2023-02-21,141.8
2023-02-22,141.8
2023-02-23,141.8
2023-02-24,141.8
2023-02-25,141.8
2023-02-26,141.8
2023-02-27,141.8
2023-02-28,141.8
2023-03-01,142.7
2023-03-02,142.7
2023-03-03,142.7
2023-03-04,142.7
2023-03-05,142.7
2023-03-06,142.7
2023-03-07,142.7
2023-03-08,142.7
2023-03-09,142.7
2023-03-10,142.7
2023-03-11,142.7
2023-03-12,142.7
2023-03-13,142.7
2023-03-14,142.7
2023-03-15,142.7
2023-03-16,142.7
2023-03-17,142.7
2023-03-18,142.7
2023-03-19,142.7
2023-03-20,142.7
2023-03-21,142.7
2023-03-22,142.7
2023-03-23,142.7
2023-03-24,142.7
2023-03-25,142.7
2023-03-26,142.7
2023-03-27,142.7
2023-03-28,142.7
2023-03-29,142.7
2023-03-30,142.7
2023-03-31,142.7
2023-04-01,143.9
2023-04-02,143.9
2023-04-03,143.9
2023-04-04,143.9
2023-04-05,143.9
2023-04-06,143.9
2023-04-07,143.9
2023-04-08,143.9
2023-04-09,143.9
2023-04-10,143.9
2023-04-11,143.9
2023-04-12,143.9
2023-04-13,143.9
2023-04-14,143.9
2023-04-15,143.9
2023-04-16,143.9
2023-04-17,143.9
2023-04-18,143.9
2023-04-19,143.9
2023-04-20,143.9
2023-04-21,143.9
2023-04-22,143.9
2023-04-23,143.9
2023-04-24,143.9
2023-04-25,143.9
2023-04-26,143.9
2023-04-27,143.9
2023-04-28,143.9
2023-04-29,143.9
2023-04-30,143.9
2023-05-01,144.1
2023-05-02,144.1
2023-05-03,144.1
2023-05-04,144.1
2023-05-05,144.1
2023-05-06,144.1
2023-05-07,144.1
2023-05-08,144.1
2023-05-09,144.1
2023-05-10,144.1
2023-05-11,144.1
2023-05-12,144.1
2023-05-13,144.1
2023-05-14,144.1
2023-05-15,144.1
2023-05-16,144.1
2023-05-17,144.1
2023-05-18,144.1
2023-05-19,144.1
2023-05-20,144.1
2023-05-21,144.1
2023-05-22,144.1
2023-05-23,144.1
2023-05-24,144.1
2023-05-25,144.1
2023-05-26,144.1
2023-05-27,144.1
2023-05-28,144.1
2023-05-29,144.1
2023-05-30,144.1
2023-05-31,144.1
2023-06-01,144.4
2023-06-02,144.4
2023-06-03,144.4
2023-06-04,144.4
2023-06-05,144.4
2023-06-06,144.4
2023-06-07,144.4
2023-06-08,144.4
2023-06-09,144.4
2023-06-10,144.4
2023-06-11,144.4
2023-06-12,144.4
2023-06-13,144.4
2023-06-14,144.4
2023-06-15,144.4
2023-06-16,144.4
2023-06-17,144.4
2023-06-18,144.4
2023-06-19,144.4
2023-06-20,144.4
2023-06-21,144.4
2023-06-22,144.4
2023-06-23,144.4
2023-06-24,144.4
2023-06-25,144.4
2023-06-26,144.4
2023-06-27,144.4
2023-06-28,144.4
2023-06-29,144.4
2023-06-30,144.4
2023-07-01,144.7
2023-07-02,144.7
2023-07-03,144.7
2023-07-04,144.7
2023-07-05,144.7
2023-07-06,144.7
2023-07-07,144.7
2023-07-08,144.7
2023-07-09,144.7
2023-07-10,144.7
2023-07-11,144.7
2023-07-12,144.7
2023-07-13,144.7
2023-07-14,144.7
2023-07-15,144.7
2023-07-16,144.7
2023-07-17,144.7
2023-07-18,144.7
2023-07-19,144.7
2023-07-20,144.7
2023-07-21,144.7
2023-07-22,144.7
2023-07-23,144.7
2023-07-24,144.7
2023-07-25,144.7
2023-07-26,144.7
2023-07-27,144.7
2023-07-28,144.7
2023-07-29,144.7
2023-07-30,144.7
2023-07-31,144.7
2023-08-01,145.6
2023-08-02,145.6
2023-08-03,145.6
2023-08-04,145.6
2023-08-05,145.6
2023-08-06,145.6
2023-08-07,145.6
2023-08-08,145.6
2023-08-09,145.6
2023-08-10,145.6
2023-08-11,145.6
2023-08-12,145.6
2023-08-13,145.6
2023-08-14,145.6
2023-08-15,145.6
2023-08-16,145.6
2023-08-17,145.6
2023-08-18,145.6
2023-08-19,145.6
2023-08-20,145.6
2023-08-21,145.6
2023-08-22,145.6
2023-08-23,145.6
2023-08-24,145.6
2023-08-25,145.6
2023-08-26,145.6
2023-08-27,145.6
2023-08-28,145.6
2023-08-29,145.6
2023-08-30,145.6
2023-08-31,145.6
2023-09-01,145.2
2023-09-02,145.2
2023-09-03,145.2
2023-09-04,145.2
2023-09-05,145.2
2023-09-06,145.2
2023-09-07,145.2
2023-09-08,145.2
2023-09-09,145.2
2023-09-10,145.2
2023-09-11,145.2
2023-09-12,145.2
2023-09-13,145.2
2023-09-14,145.2
2023-09-15,145.2
2023-09-16,145.2
2023-09-17,145.2
2023-09-18,145.2
2023-09-19,145.2
2023-09-20,145.2
2023-09-21,145.2
2023-09-22,145.2
2023-09-23,145.2
2023-09-24,145.2
2023-09-25,145.2
2023-09-26,145.2
2023-09-27,145.2
2023-09-28,145.2
2023-09-29,145.2
2023-09-30,145.2
2023-10-01,144.1
2023-10-02,144.1
2023-10-03,144.1
2023-10-04,144.1
2023-10-05,144.1
2023-10-06,144.1
2023-10-07,144.1
2023-10-08,144.1
2023-10-09,144.1
2023-10-10,144.1
2023-10-11,144.1
2023-10-12,144.1
2023-10-13,144.1
2023-10-14,144.1
2023-10-15,144.1
2023-10-16,144.1
2023-10-17,144.1
2023-10-18,144.1
2023-10-19,144.1
2023-10-20,144.1
2023-10-21,144.1
2023-10-22,144.1
2023-10-23,144.1
2023-10-24,144.1
2023-10-25,144.1
2023-10-26,144.1
2023-10-27,144.1
2023-10-28,144.1
2023-10-29,144.1
2023-10-30,144.1
2023-10-31,144.1
2023-11-01,144.2
2023-11-02,144.2
2023-11-03,144.2
2023-11-04,144.2
2023-11-05,144.2
2023-11-06,144.2
2023-11-07,144.2
2023-11-08,144.2
2023-11-09,144.2
2023-11-10,144.2
2023-11-11,144.2
2023-11-12,144.2
2023-11-13,144.2
2023-11-14,144.2
2023-11-15,144.2
2023-11-16,144.2
2023-11-17,144.2
2023-11-18,144.2
2023-11-19,144.2
2023-11-20,144.2
2023-11-21,144.2
2023-11-22,144.2
2023-11-23,144.2
2023-11-24,144.2
2023-11-25,144.2
2023-11-26,144.2
2023-11-27,144.2
2023-11-28,144.2
2023-11-29,144.2
2023-11-30,144.2
2023-12-01,143.1
2023-12-02,143.1
2023-12-03,143.1
2023-12-04,143.1
2023-12-05,143.1
2023-12-06,143.1
2023-12-07,143.1
2023-12-08,143.1
2023-12-09,143.1
2023-12-10,143.1
2023-12-11,143.1
2023-12-12,143.1
2023-12-13,143.1
2023-12-14,143.1
2023-12-15,143.1
2023-12-16,143.1
2023-12-17,143.1
2023-12-18,143.1
2023-12-19,143.1
2023-12-20,143.1
2023-12-21,143.1
2023-12-22,143.1
2023-12-23,143.1
2023-12-24,143.1
2023-12-25,143.1
2023-12-26,143.1
2023-12-27,143.1
2023-12-28,143.1
2023-12-29,143.1
2023-12-30,143.1
2023-12-31,143.1
2024-01-01,143.1
2024-01-02,143.1
2024-01-03,143.1
2024-01-04,143.1
2024-01-05,143.1
2024-01-06,143.1
2024-01-07,143.1
2024-01-08,143.1
2024-01-09,143.1
2024-01-10,143.1
2024-01-11,143.1
2024-01-12,143.1
2024-01-13,143.1
2024-01-14,143.1
2024-01-15,143.1
2024-01-16,143.1
2024-01-17,143.1
2024-01-18,143.1
2024-01-19,143.1
2024-01-20,143.1
2024-01-21,143.1
2024-01-22,143.1
2024-01-23,143.1
2024-01-24,143.1
2024-01-25,143.1
2024-01-26,143.1
2024-01-27,143.1
2024-01-28,143.1
2024-01-29,143.1
2024-01-30,143.1
2024-01-31,143.1
2024-02-01,143.5
2024-02-02,143.5
2024-02-03,143.5
2024-02-04,143.5
2024-02-05,143.5
2024-02-06,143.5
2024-02-07,143.5
2024-02-08,143.5
2024-02-09,143.5
2024-02-10,143.5
2024-02-11,143.5
2024-02-12,143.5
2024-02-13,143.5
2024-02-14,143.5
2024-02-15,143.5
2024-02-16,143.5
2024-02-17,143.5
2024-02-18,143.5
2024-02-19,143.5
2024-02-20,143.5
2024-02-21,143.5
2024-02-22,143.5
2024-02-23,143.5
2024-02-24,143.5
2024-02-25,143.5
2024-02-26,143.5
2024-02-27,143.5
2024-02-28,143.5
2024-02-29,143.5
2024-03-01,143.5
2024-03-02,143.5
2024-03-03,143.5
2024-03-04,143.5
2024-03-05,143.5
2024-03-06,143.5
2024-03-07,143.5
2024-03-08,143.5
2024-03-09,143.5
2024-03-10,143.5
2024-03-11,143.5
2024-03-12,143.5
2024-03-13,143.5
2024-03-14,143.5
2024-03-15,143.5
2024-03-16,143.5
2024-03-17,143.5
2024-03-18,143.5
2024-03-19,143.5
2024-03-20,143.5
2024-03-21,143.5
2024-03-22,143.5
2024-03-23,143.5
2024-03-24,143.5
2024-03-25,143.5
2024-03-26,143.5
2024-03-27,143.5
2024-03-28,143.5
2024-03-29,143.5
2024-03-30,143.5
2024-03-31,143.5
2024-04-01,144.0