date,services_inflation
2017-01-01,140.2
2017-01-02,140.2
2017-01-03,140.2
2017-01-04,140.2
2017-01-05,140.2
2017-01-06,140.2
2017-01-07,140.2
2017-01-08,140.2
2017-01-09,140.2
2017-01-10,140.2
2017-01-11,140.2
2017-01-12,140.2
2017-01-13,140.2
2017-01-14,140.2
2017-01-15,140.2
2017-01-16,140.2
2017-01-17,140.2
2017-01-18,140.2
2017-01-19,140.2
2017-01-20,140.2
2017-01-21,140.2
2017-01-22,140.2
2017-01-23,140.2
2017-01-24,140.2
2017-01-25,140.2
2017-01-26,140.2
2017-01-27,140.2
2017-01-28,140.2
2017-01-29,140.2
2017-01-30,140.2
2017-01-31,140.2
2017-02-01,140.7
2017-02-02,140.7
2017-02-03,140.7
2017-02-04,140.7
2017-02-05,140.7
2017-02-06,140.7
2017-02-07,140.7
2017-02-08,140.7
2017-02-09,140.7
2017-02-10,140.7
2017-02-11,140.7
2017-02-12,140.7
2017-02-13,140.7
2017-02-14,140.7
2017-02-15,140.7
2017-02-16,140.7
2017-02-17,140.7
2017-02-18,140.7
2017-02-19,140.7
2017-02-20,140.7
2017-02-21,140.7
2017-02-22,140.7
2017-02-23,140.7
2017-02-24,140.7
2017-02-25,140.7
2017-02-26,140.7
2017-02-27,140.7
2017-02-28,140.7
2017-03-01,141.1
2017-03-02,141.1
2017-03-03,141.1
2017-03-04,141.1
2017-03-05,141.1
2017-03-06,141.1
2017-03-07,141.1
2017-03-08,141.1
2017-03-09,141.1
2017-03-10,141.1
2017-03-11,141.1
2017-03-12,141.1
2017-03-13,141.1
2017-03-14,141.1
2017-03-15,141.1
2017-03-16,141.1
2017-03-17,141.1
2017-03-18,141.1
2017-03-19,141.1
2017-03-20,141.1
2017-03-21,141.1
2017-03-22,141.1
2017-03-23,141.1
2017-03-24,141.1
2017-03-25,141.1
2017-03-26,141.1
2017-03-27,141.1
2017-03-28,141.1
2017-03-29,141.1
2017-03-30,141.1
2017-03-31,141.1
2017-04-01,141.4
2017-04-02,141.4
2017-04-03,141.4
2017-04-04,141.4
2017-04-05,141.4
2017-04-06,141.4
2017-04-07,141.4
2017-04-08,141.4
2017-04-09,141.4
2017-04-10,141.4
2017-04-11,141.4
2017-04-12,141.4
2017-04-13,141.4
2017-04-14,141.4
2017-04-15,141.4
2017-04-16,141.4
2017-04-17,141.4
2017-04-18,141.4
2017-04-19,141.4
2017-04-20,141.4
2017-04-21,141.4
2017-04-22,141.4
2017-04-23,141.4
2017-04-24,141.4
2017-04-25,141.4
2017-04-26,141.4
2017-04-27,141.4
2017-04-28,141.4
2017-04-29,141.4
2017-04-30,141.4
2017-05-01,142.0
2017-05-02,142.0
2017-05-03,142.0
2017-05-04,142.0
2017-05-05,142.0
2017-05-06,142.0
2017-05-07,142.0
2017-05-08,142.0
2017-05-09,142.0
2017-05-10,142.0
2017-05-11,142.0
2017-05-12,142.0
2017-05-13,142.0
2017-05-14,142.0
2017-05-15,142.0
2017-05-16,142.0
2017-05-17,142.0
2017-05-18,142.0
2017-05-19,142.0
2017-05-20,142.0
2017-05-21,142.0
2017-05-22,142.0
2017-05-23,142.0
2017-05-24,142.0
2017-05-25,142.0
2017-05-26,142.0
2017-05-27,142.0
2017-05-28,142.0
2017-05-29,142.0
2017-05-30,142.0
2017-05-31,142.0
2017-06-01,142.4
2017-06-02,142.4
2017-06-03,142.4
2017-06-04,142.4
2017-06-05,142.4
2017-06-06,142.4
2017-06-07,142.4
2017-06-08,142.4
2017-06-09,142.4
2017-06-10,142.4
2017-06-11,142.4
2017-06-12,142.4
2017-06-13,142.4
2017-06-14,142.4
2017-06-15,142.4
2017-06-16,142.4
2017-06-17,142.4
2017-06-18,142.4
2017-06-19,142.4
2017-06-20,142.4
2017-06-21,142.4
2017-06-22,142.4
2017-06-23,142.4
2017-06-24,142.4
2017-06-25,142.4
2017-06-26,142.4
2017-06-27,142.4
2017-06-28,142.4
2017-06-29,142.4
2017-06-30,142.4
2017-07-01,142.6
2017-07-02,142.6
2017-07-03,142.6
2017-07-04,142.6
2017-07-05,142.6
2017-07-06,142.6
2017-07-07,142.6
2017-07-08,142.6
2017-07-09,142.6
2017-07-10,142.6
2017-07-11,142.6
2017-07-12,142.6
2017-07-13,142.6
2017-07-14,142.6
2017-07-15,142.6
2017-07-16,142.6
2017-07-17,142.6
2017-07-18,142.6
2017-07-19,142.6
2017-07-20,142.6
2017-07-21,142.6
2017-07-22,142.6
2017-07-23,142.6
2017-07-24,142.6
2017-07-25,142.6
2017-07-26,142.6
2017-07-27,142.6
2017-07-28,142.6
2017-07-29,142.6
2017-07-30,142.6
2017-07-31,142.6
2017-08-01,142.7
2017-08-02,142.7
2017-08-03,142.7
2017-08-04,142.7
2017-08-05,142.7
2017-08-06,142.7
2017-08-07,142.7
2017-08-08,142.7
2017-08-09,142.7
2017-08-10,142.7
2017-08-11,142.7
2017-08-12,142.7
2017-08-13,142.7
2017-08-14,142.7
2017-08-15,142.7
2017-08-16,142.7
2017-08-17,142.7
2017-08-18,142.7
2017-08-19,142.7
2017-08-20,142.7
2017-08-21,142.7
2017-08-22,142.7
2017-08-23,142.7
2017-08-24,142.7
2017-08-25,142.7
2017-08-26,142.7
2017-08-27,142.7
2017-08-28,142.7
2017-08-29,142.7
2017-08-30,142.7
2017-08-31,142.7
2017-09-01,142.8
2017-09-02,142.8
2017-09-03,142.8
2017-09-04,142.8
2017-09-05,142.8
2017-09-06,142.8
2017-09-07,142.8
2017-09-08,142.8
2017-09-09,142.8
2017-09-10,142.8
2017-09-11,142.8
2017-09-12,142.8
2017-09-13,142.8
2017-09-14,142.8
2017-09-15,142.8
2017-09-16,142.8
2017-09-17,142.8
2017-09-18,142.8
2017-09-19,142.8
2017-09-20,142.8
2017-09-21,142.8
2017-09-22,142.8
2017-09-23,142.8
2017-09-24,142.8
2017-09-25,142.8
2017-09-26,142.8
2017-09-27,142.8
2017-09-28,142.8
2017-09-29,142.8
2017-09-30,142.8
2017-10-01,143.0
2017-10-02,143.0
2017-10-03,143.0
2017-10-04,143.0
2017-10-05,143.0
2017-10-06,143.0
2017-10-07,143.0
2017-10-08,143.0
2017-10-09,143.0
2017-10-10,143.0
2017-10-11,143.0
2017-10-12,143.0
2017-10-13,143.0
2017-10-14,143.0
2017-10-15,143.0
2017-10-16,143.0
2017-10-17,143.0
2017-10-18,143.0
2017-10-19,143.0
2017-10-20,143.0
2017-10-21,143.0
2017-10-22,143.0
2017-10-23,143.0
2017-10-24,143.0
2017-10-25,143.0
2017-10-26,143.0
2017-10-27,143.0
2017-10-28,143.0
2017-10-29,143.0
2017-10-30,143.0
2017-10-31,143.0
2017-11-01,142.8
2017-11-02,142.8
2017-11-03,142.8
2017-11-04,142.8
2017-11-05,142.8
2017-11-06,142.8
2017-11-07,142.8
2017-11-08,142.8
2017-11-09,142.8
2017-11-10,142.8
2017-11-11,142.8
2017-11-12,142.8
2017-11-13,142.8
2017-11-14,142.8
2017-11-15,142.8
2017-11-16,142.8
2017-11-17,142.8
2017-11-18,142.8
2017-11-19,142.8
2017-11-20,142.8
2017-11-21,142.8
2017-11-22,142.8
2017-11-23,142.8
2017-11-24,142.8
2017-11-25,142.8
2017-11-26,142.8
2017-11-27,142.8
2017-11-28,142.8
2017-11-29,142.8
2017-11-30,142.8
2017-12-01,142.3
2017-12-02,142.3
2017-12-03,142.3
2017-12-04,142.3
2017-12-05,142.3
2017-12-06,142.3
2017-12-07,142.3
2017-12-08,142.3
2017-12-09,142.3
2017-12-10,142.3
2017-12-11,142.3
2017-12-12,142.3
2017-12-13,142.3
2017-12-14,142.3
2017-12-15,142.3
2017-12-16,142.3
2017-12-17,142.3
2017-12-18,142.3
2017-12-19,142.3
2017-12-20,142.3
2017-12-21,142.3
2017-12-22,142.3
2017-12-23,142.3
2017-12-24,142.3
2017-12-25,142.3
2017-12-26,142.3
2017-12-27,142.3
2017-12-28,142.3
2017-12-29,142.3
2017-12-30,142.3
2017-12-31,142.3
2018-01-01,143.3
2018-01-02,143.3
2018-01-03,143.3
2018-01-04,143.3
2018-01-05,143.3
2018-01-06,143.3
2018-01-07,143.3
2018-01-08,143.3
2018-01-09,143.3
2018-01-10,143.3
2018-01-11,143.3
2018-01-12,143.3
2018-01-13,143.3
2018-01-14,143.3
2018-01-15,143.3
2018-01-16,143.3
2018-01-17,143.3
2018-01-18,143.3
2018-01-19,143.3
2018-01-20,143.3
2018-01-21,143.3
2018-01-22,143.3
2018-01-23,143.3
2018-01-24,143.3
2018-01-25,143.3
2018-01-26,143.3
2018-01-27,143.3
2018-01-28,143.3
2018-01-29,143.3
2018-01-30,143.3
2018-01-31,143.3
2018-02-01,144.3
2018-02-02,144.3
2018-02-03,144.3
2018-02-04,144.3
2018-02-05,144.3
2018-02-06,144.3
2018-02-07,144.3
2018-02-08,144.3
2018-02-09,144.3
2018-02-10,144.3
2018-02-11,144.3
2018-02-12,144.3
2018-02-13,144.3
2018-02-14,144.3
2018-02-15,144.3
2018-02-16,144.3
2018-02-17,144.3
2018-02-18,144.3
2018-02-19,144.3
2018-02-20,144.3
2018-02-21,144.3
2018-02-22,144.3
2018-02-23,144.3
2018-02-24,144.3
2018-02-25,144.3
2018-02-26,144.3
2018-02-27,144.3
2018-02-28,144.3
2018-03-01,144.9
2018-03-02,144.9
2018-03-03,144.9
2018-03-04,144.9
2018-03-05,144.9
2018-03-06,144.9
2018-03-07,144.9
2018-03-08,144.9
2018-03-09,144.9
2018-03-10,144.9
2018-03-11,144.9
2018-03-12,144.9
2018-03-13,144.9
2018-03-14,144.9
2018-03-15,144.9
2018-03-16,144.9
2018-03-17,144.9
2018-03-18,144.9
2018-03-19,144.9
2018-03-20,144.9
2018-03-21,144.9
2018-03-22,144.9
2018-03-23,144.9
2018-03-24,144.9
2018-03-25,144.9
2018-03-26,144.9
2018-03-27,144.9
2018-03-28,144.9
2018-03-29,144.9
2018-03-30,144.9
2018-03-31,144.9
2018-04-01,144.6
2018-04-02,144.6
2018-04-03,144.6
2018-04-04,144.6
2018-04-05,144.6
2018-04-06,144.6
2018-04-07,144.6
2018-04-08,144.6
2018-04-09,144.6
2018-04-10,144.6
2018-04-11,144.6
2018-04-12,144.6
2018-04-13,144.6
2018-04-14,144.6
2018-04-15,144.6
2018-04-16,144.6
2018-04-17,144.6
2018-04-18,144.6
2018-04-19,144.6
2018-04-20,144.6
2018-04-21,144.6
2018-04-22,144.6
2018-04-23,144.6
2018-04-24,144.6
2018-04-25,144.6
2018-04-26,144.6
2018-04-27,144.6
2018-04-28,144.6
2018-04-29,144.6
2018-04-30,144.6
2018-05-01,145.3
2018-05-02,145.3
2018-05-03,145.3
2018-05-04,145.3
2018-05-05,145.3
2018-05-06,145.3
2018-05-07,145.3
2018-05-08,145.3
2018-05-09,145.3
2018-05-10,145.3
2018-05-11,145.3
2018-05-12,145.3
2018-05-13,145.3
2018-05-14,145.3
2018-05-15,145.3
2018-05-16,145.3
2018-05-17,145.3
2018-05-18,145.3
2018-05-19,145.3
2018-05-20,145.3
2018-05-21,145.3
2018-05-22,145.3
2018-05-23,145.3
2018-05-24,145.3
2018-05-25,145.3
2018-05-26,145.3
2018-05-27,145.3
2018-05-28,145.3
2018-05-29,145.3
2018-05-30,145.3
2018-05-31,145.3
2018-06-01,145.5
2018-06-02,145.5
2018-06-03,145.5
2018-06-04,145.5
2018-06-05,145.5
2018-06-06,145.5
2018-06-07,145.5
2018-06-08,145.5
2018-06-09,145.5
2018-06-10,145.5
2018-06-11,145.5
2018-06-12,145.5
2018-06-13,145.5
2018-06-14,145.5
2018-06-15,145.5
2018-06-16,145.5
2018-06-17,145.5
2018-06-18,145.5
2018-06-19,145.5
2018-06-20,145.5
2018-06-21,145.5
2018-06-22,145.5
2018-06-23,145.5
2018-06-24,145.5
2018-06-25,145.5
2018-06-26,145.5
2018-06-27,145.5
2018-06-28,145.5
2018-06-29,145.5
2018-06-30,145.5
2018-07-01,147.1
2018-07-02,147.1
2018-07-03,147.1
2018-07-04,147.1
2018-07-05,147.1
2018-07-06,147.1
2018-07-07,147.1
2018-07-08,147.1
2018-07-09,147.1
2018-07-10,147.1
2018-07-11,147.1
2018-07-12,147.1
2018-07-13,147.1
2018-07-14,147.1
2018-07-15,147.1
2018-07-16,147.1
2018-07-17,147.1
2018-07-18,147.1
2018-07-19,147.1
2018-07-20,147.1
2018-07-21,147.1
2018-07-22,147.1
2018-07-23,147.1
2018-07-24,147.1
2018-07-25,147.1
2018-07-26,147.1
2018-07-27,147.1
2018-07-28,147.1
2018-07-29,147.1
2018-07-30,147.1
2018-07-31,147.1
2018-08-01,147.1
2018-08-02,147.1
2018-08-03,147.1
2018-08-04,147.1
2018-08-05,147.1
2018-08-06,147.1
2018-08-07,147.1
2018-08-08,147.1
2018-08-09,147.1
2018-08-10,147.1
2018-08-11,147.1
2018-08-12,147.1
2018-08-13,147.1
2018-08-14,147.1
2018-08-15,147.1
2018-08-16,147.1
2018-08-17,147.1
2018-08-18,147.1
2018-08-19,147.1
2018-08-20,147.1
2018-08-21,147.1
2018-08-22,147.1
2018-08-23,147.1
2018-08-24,147.1
2018-08-25,147.1
2018-08-26,147.1
2018-08-27,147.1
2018-08-28,147.1
2018-08-29,147.1
2018-08-30,147.1
2018-08-31,147.1
2018-09-01,146.3
2018-09-02,146.3
2018-09-03,146.3
2018-09-04,146.3
2018-09-05,146.3
2018-09-06,146.3
2018-09-07,146.3
2018-09-08,146.3
2018-09-09,146.3
2018-09-10,146.3
2018-09-11,146.3
2018-09-12,146.3
2018-09-13,146.3
2018-09-14,146.3
2018-09-15,146.3
2018-09-16,146.3
2018-09-17,146.3
2018-09-18,146.3
2018-09-19,146.3
2018-09-20,146.3
2018-09-21,146.3
2018-09-22,146.3
2018-09-23,146.3
2018-09-24,146.3
2018-09-25,146.3
2018-09-26,146.3
2018-09-27,146.3
2018-09-28,146.3
2018-09-29,146.3
2018-09-30,146.3
2018-10-01,146.8
2018-10-02,146.8
2018-10-03,146.8
2018-10-04,146.8
2018-10-05,146.8
2018-10-06,146.8
2018-10-07,146.8
2018-10-08,146.8
2018-10-09,146.8
2018-10-10,146.8
2018-10-11,146.8
2018-10-12,146.8
2018-10-13,146.8
2018-10-14,146.8
2018-10-15,146.8
2018-10-16,146.8
2018-10-17,146.8
2018-10-18,146.8
2018-10-19,146.8
2018-10-20,146.8
2018-10-21,146.8
2018-10-22,146.8
2018-10-23,146.8
2018-10-24,146.8
2018-10-25,146.8
2018-10-26,146.8
2018-10-27,146.8
2018-10-28,146.8
2018-10-29,146.8
2018-10-30,146.8
2018-10-31,146.8
2018-11-01,146.6
2018-11-02,146.6
2018-11-03,146.6
2018-11-04,146.6
2018-11-05,146.6
2018-11-06,146.6
2018-11-07,146.6
2018-11-08,146.6
2018-11-09,146.6
2018-11-10,146.6
2018-11-11,146.6
2018-11-12,146.6
2018-11-13,146.6
2018-11-14,146.6
2018-11-15,146.6
2018-11-16,146.6
2018-11-17,146.6
2018-11-18,146.6
2018-11-19,146.6
2018-11-20,146.6
2018-11-21,146.6
2018-11-22,146.6
2018-11-23,146.6
2018-11-24,146.6
2018-11-25,146.6
2018-11-26,146.6
2018-11-27,146.6
2018-11-28,146.6
2018-11-29,146.6
2018-11-30,146.6
2018-12-01,147.3
2018-12-02,147.3
2018-12-03,147.3
2018-12-04,147.3
2018-12-05,147.3
2018-12-06,147.3
2018-12-07,147.3
2018-12-08,147.3
2018-12-09,147.3
2018-12-10,147.3
2018-12-11,147.3
2018-12-12,147.3
2018-12-13,147.3
2018-12-14,147.3
2018-12-15,147.3
2018-12-16,147.3
2018-12-17,147.3
2018-12-18,147.3
2018-12-19,147.3
2018-12-20,147.3
2018-12-21,147.3
2018-12-22,147.3
2018-12-23,147.3
2018-12-24,147.3
2018-12-25,147.3
2018-12-26,147.3
2018-12-27,147.3
2018-12-28,147.3
2018-12-29,147.3
2018-12-30,147.3
2018-12-31,147.3
2019-01-01,147.1
2019-01-02,147.1
2019-01-03,147.1
2019-01-04,147.1
2019-01-05,147.1
2019-01-06,147.1
2019-01-07,147.1
2019-01-08,147.1
2019-01-09,147.1
2019-01-10,147.1
2019-01-11,147.1
2019-01-12,147.1
2019-01-13,147.1
2019-01-14,147.1
2019-01-15,147.1
2019-01-16,147.1
2019-01-17,147.1
2019-01-18,147.1
2019-01-19,147.1
2019-01-20,147.1
2019-01-21,147.1
2019-01-22,147.1
2019-01-23,147.1
2019-01-24,147.1
2019-01-25,147.1
2019-01-26,147.1
2019-01-27,147.1
2019-01-28,147.1
2019-01-29,147.1
2019-01-30,147.1
2019-01-31,147.1
2019-02-01,147.6
2019-02-02,147.6
2019-02-03,147.6
2019-02-04,147.6
2019-02-05,147.6
2019-02-06,147.6
2019-02-07,147.6
2019-02-08,147.6
2019-02-09,147.6
2019-02-10,147.6
2019-02-11,147.6
2019-02-12,147.6
2019-02-13,147.6
2019-02-14,147.6
2019-02-15,147.6
2019-02-16,147.6
2019-02-17,147.6
2019-02-18,147.6
2019-02-19,147.6
2019-02-20,147.6
2019-02-21,147.6
2019-02-22,147.6
2019-02-23,147.6
2019-02-24,147.6
2019-02-25,147.6
2019-02-26,147.6
2019-02-27,147.6
2019-02-28,147.6
2019-03-01,148.1
2019-03-02,148.1
2019-03-03,148.1
2019-03-04,148.1
2019-03-05,148.1
2019-03-06,148.1
2019-03-07,148.1
2019-03-08,148.1
2019-03-09,148.1
2019-03-10,148.1
2019-03-11,148.1
2019-03-12,148.1
2019-03-13,148.1
2019-03-14,148.1
2019-03-15,148.1
2019-03-16,148.1
2019-03-17,148.1
2019-03-18,148.1
2019-03-19,148.1
2019-03-20,148.1
2019-03-21,148.1
2019-03-22,148.1
2019-03-23,148.1
2019-03-24,148.1
2019-03-25,148.1
2019-03-26,148.1
2019-03-27,148.1
2019-03-28,148.1
2019-03-29,148.1
2019-03-30,148.1
2019-03-31,148.1
2019-04-01,148.1
2019-04-02,148.1
2019-04-03,148.1
2019-04-04,148.1
2019-04-05,148.1
2019-04-06,148.1
2019-04-07,148.1
2019-04-08,148.1
2019-04-09,148.1
2019-04-10,148.1
2019-04-11,148.1
2019-04-12,148.1
2019-04-13,148.1
2019-04-14,148.1
2019-04-15,148.1
2019-04-16,148.1
2019-04-17,148.1
2019-04-18,148.1
2019-04-19,148.1
2019-04-20,148.1
2019-04-21,148.1
2019-04-22,148.1
2019-04-23,148.1
2019-04-24,148.1
2019-04-25,148.1
2019-04-26,148.1
2019-04-27,148.1
2019-04-28,148.1
2019-04-29,148.1
2019-04-30,148.1
2019-05-01,149.2
2019-05-02,149.2
2019-05-03,149.2
2019-05-04,149.2
2019-05-05,149.2
2019-05-06,149.2
2019-05-07,149.2
2019-05-08,149.2
2019-05-09,149.2
2019-05-10,149.2
2019-05-11,149.2
2019-05-12,149.2
2019-05-13,149.2
2019-05-14,149.2
2019-05-15,149.2
2019-05-16,149.2
2019-05-17,149.2
2019-05-18,149.2
2019-05-19,149.2
2019-05-20,149.2
2019-05-21,149.2
2019-05-22,149.2
2019-05-23,149.2
2019-05-24,149.2
2019-05-25,149.2
2019-05-26,149.2
2019-05-27,149.2
2019-05-28,149.2
2019-05-29,149.2
2019-05-30,149.2
2019-05-31,149.2
2019-06-01,149.6
2019-06-02,149.6
2019-06-03,149.6
2019-06-04,149.6
2019-06-05,149.6
2019-06-06,149.6
2019-06-07,149.6
2019-06-08,149.6
2019-06-09,149.6
2019-06-10,149.6
2019-06-11,149.6
2019-06-12,149.6
2019-06-13,149.6
2019-06-14,149.6
2019-06-15,149.6
2019-06-16,149.6
2019-06-17,149.6
2019-06-18,149.6
2019-06-19,149.6
2019-06-20,149.6
2019-06-21,149.6
2019-06-22,149.6
2019-06-23,149.6
2019-06-24,149.6
2019-06-25,149.6
2019-06-26,149.6
2019-06-27,149.6
2019-06-28,149.6
2019-06-29,149.6
2019-06-30,149.6
2019-07-01,150.7
2019-07-02,150.7
2019-07-03,150.7
2019-07-04,150.7
2019-07-05,150.7
2019-07-06,150.7
2019-07-07,150.7
2019-07-08,150.7
2019-07-09,150.7
2019-07-10,150.7
2019-07-11,150.7
2019-07-12,150.7
2019-07-13,150.7
2019-07-14,150.7
2019-07-15,150.7
2019-07-16,150.7
2019-07-17,150.7
2019-07-18,150.7
2019-07-19,150.7
2019-07-20,150.7
2019-07-21,150.7
2019-07-22,150.7
2019-07-23,150.7
2019-07-24,150.7
2019-07-25,150.7
2019-07-26,150.7
2019-07-27,150.7
2019-07-28,150.7
2019-07-29,150.7
2019-07-30,150.7
2019-07-31,150.7
2019-08-01,150.9
2019-08-02,150.9
2019-08-03,150.9
2019-08-04,150.9
2019-08-05,150.9
2019-08-06,150.9
2019-08-07,150.9
2019-08-08,150.9
2019-08-09,150.9
2019-08-10,150.9
2019-08-11,150.9
2019-08-12,150.9
2019-08-13,150.9
2019-08-14,150.9
2019-08-15,150.9
2019-08-16,150.9
2019-08-17,150.9
2019-08-18,150.9
2019-08-19,150.9
2019-08-20,150.9
2019-08-21,150.9
2019-08-22,150.9
2019-08-23,150.9
2019-08-24,150.9
2019-08-25,150.9
2019-08-26,150.9
2019-08-27,150.9
2019-08-28,150.9
2019-08-29,150.9
2019-08-30,150.9
2019-08-31,150.9
2019-09-01,149.5
2019-09-02,149.5
2019-09-03,149.5
2019-09-04,149.5
2019-09-05,149.5
2019-09-06,149.5
2019-09-07,149.5
2019-09-08,149.5
2019-09-09,149.5
2019-09-10,149.5
2019-09-11,149.5
2019-09-12,149.5
2019-09-13,149.5
2019-09-14,149.5
2019-09-15,149.5
2019-09-16,149.5
2019-09-17,149.5
2019-09-18,149.5
2019-09-19,149.5
2019-09-20,149.5
2019-09-21,149.5
2019-09-22,149.5
2019-09-23,149.5
2019-09-24,149.5
2019-09-25,149.5
2019-09-26,149.5
2019-09-27,149.5
2019-09-28,149.5
2019-09-29,149.5
2019-09-30,149.5
2019-10-01,150.1
2019-10-02,150.1
2019-10-03,150.1
2019-10-04,150.1
2019-10-05,150.1
2019-10-06,150.1
2019-10-07,150.1
2019-10-08,150.1
2019-10-09,150.1
2019-10-10,150.1
2019-10-11,150.1
2019-10-12,150.1
2019-10-13,150.1
2019-10-14,150.1
2019-10-15,150.1
2019-10-16,150.1
2019-10-17,150.1
2019-10-18,150.1
2019-10-19,150.1
2019-10-20,150.1
2019-10-21,150.1
2019-10-22,150.1
2019-10-23,150.1
2019-10-24,150.1
2019-10-25,150.1
2019-10-26,150.1
2019-10-27,150.1
2019-10-28,150.1
2019-10-29,150.1
2019-10-30,150.1
2019-10-31,150.1
2019-11-01,149.4
2019-11-02,149.4
2019-11-03,149.4
2019-11-04,149.4
2019-11-05,149.4
2019-11-06,149.4
2019-11-07,149.4
2019-11-08,149.4
2019-11-09,149.4
2019-11-10,149.4
2019-11-11,149.4
2019-11-12,149.4
2019-11-13,149.4
2019-11-14,149.4
2019-11-15,149.4
2019-11-16,149.4
2019-11-17,149.4
2019-11-18,149.4
2019-11-19,149.4
2019-11-20,149.4
2019-11-21,149.4
2019-11-22,149.4
2019-11-23,149.4
2019-11-24,149.4
2019-11-25,149.4
2019-11-26,149.4
2019-11-27,149.4
2019-11-28,149.4
2019-11-29,149.4
2019-11-30,149.4
2019-12-01,150.1
2019-12-02,150.1
2019-12-03,150.1
2019-12-04,150.1
2019-12-05,150.1
2019-12-06,150.1
2019-12-07,150.1
2019-12-08,150.1
2019-12-09,150.1
2019-12-10,150.1
2019-12-11,150.1
2019-12-12,150.1
2019-12-13,150.1
2019-12-14,150.1
2019-12-15,150.1
2019-12-16,150.1
2019-12-17,150.1
2019-12-18,150.1
2019-12-19,150.1
2019-12-20,150.1
2019-12-21,150.1
2019-12-22,150.1
2019-12-23,150.1
2019-12-24,150.1
2019-12-25,150.1
2019-12-26,150.1
2019-12-27,150.1
2019-12-28,150.1
2019-12-29,150.1
2019-12-30,150.1
2019-12-31,150.1
2020-01-01,149.7
2020-01-02,149.7
2020-01-03,149.7
2020-01-04,149.7
2020-01-05,149.7
2020-01-06,149.7
2020-01-07,149.7
2020-01-08,149.7
2020-01-09,149.7
2020-01-10,149.7
2020-01-11,149.7
2020-01-12,149.7
2020-01-13,149.7
2020-01-14,149.7
2020-01-15,149.7
2020-01-16,149.7
2020-01-17,149.7
2020-01-18,149.7
2020-01-19,149.7
2020-01-20,149.7
2020-01-21,149.7
2020-01-22,149.7
2020-01-23,149.7
2020-01-24,149.7
2020-01-25,149.7
2020-01-26,149.7
2020-01-27,149.7
2020-01-28,149.7
2020-01-29,149.7
2020-01-30,149.7
2020-01-31,149.7
2020-02-01,150.8
2020-02-02,150.8
2020-02-03,150.8
2020-02-04,150.8
2020-02-05,150.8
2020-02-06,150.8
2020-02-07,150.8
2020-02-08,150.8
2020-02-09,150.8
2020-02-10,150.8
2020-02-11,150.8
2020-02-12,150.8
2020-02-13,150.8
2020-02-14,150.8
2020-02-15,150.8
2020-02-16,150.8
2020-02-17,150.8
2020-02-18,150.8
2020-02-19,150.8
2020-02-20,150.8
2020-02-21,150.8
2020-02-22,150.8
2020-02-23,150.8
2020-02-24,150.8
2020-02-25,150.8
2020-02-26,150.8
2020-02-27,150.8
2020-02-28,150.8
2020-02-29,150.8
2020-03-01,151.1
2020-03-02,151.1
2020-03-03,151.1
2020-03-04,151.1
2020-03-05,151.1
2020-03-06,151.1
2020-03-07,151.1
2020-03-08,151.1
2020-03-09,151.1
2020-03-10,151.1
2020-03-11,151.1
2020-03-12,151.1
2020-03-13,151.1
2020-03-14,151.1
2020-03-15,151.1
2020-03-16,151.1
2020-03-17,151.1
2020-03-18,151.1
2020-03-19,151.1
2020-03-20,151.1
2020-03-21,151.1
2020-03-22,151.1
2020-03-23,151.1
2020-03-24,151.1
2020-03-25,151.1
2020-03-26,151.1
2020-03-27,151.1
2020-03-28,151.1
2020-03-29,151.1
2020-03-30,151.1
2020-03-31,151.1
2020-04-01,151.1
2020-04-02,151.1
2020-04-03,151.1
2020-04-04,151.1
2020-04-05,151.1
2020-04-06,151.1
2020-04-07,151.1
2020-04-08,151.1
2020-04-09,151.1
2020-04-10,151.1
2020-04-11,151.1
2020-04-12,151.1
2020-04-13,151.1
2020-04-14,151.1
2020-04-15,151.1
2020-04-16,151.1
2020-04-17,151.1
2020-04-18,151.1
2020-04-19,151.1
2020-04-20,151.1
2020-04-21,151.1
2020-04-22,151.1
2020-04-23,151.1
2020-04-24,151.1
2020-04-25,151.1
2020-04-26,151.1
2020-04-27,151.1
2020-04-28,151.1
2020-04-29,151.1
2020-04-30,151.1
2020-05-01,151.1
2020-05-02,151.1
2020-05-03,151.1
2020-05-04,151.1
2020-05-05,151.1
2020-05-06,151.1
2020-05-07,151.1
2020-05-08,151.1
2020-05-09,151.1
2020-05-10,151.1
2020-05-11,151.1
2020-05-12,151.1
2020-05-13,151.1
2020-05-14,151.1
2020-05-15,151.1
2020-05-16,151.1
2020-05-17,151.1
2020-05-18,151.1
2020-05-19,151.1
2020-05-20,151.1
2020-05-21,151.1
2020-05-22,151.1
2020-05-23,151.1
2020-05-24,151.1
2020-05-25,151.1
2020-05-26,151.1
2020-05-27,151.1
2020-05-28,151.1
2020-05-29,151.1
2020-05-30,151.1
2020-05-31,151.1
2020-06-01,151.6
2020-06-02,151.6
2020-06-03,151.6
2020-06-04,151.6
2020-06-05,151.6
2020-06-06,151.6
2020-06-07,151.6
2020-06-08,151.6
2020-06-09,151.6
2020-06-10,151.6
2020-06-11,151.6
2020-06-12,151.6
2020-06-13,151.6
2020-06-14,151.6
2020-06-15,151.6
2020-06-16,151.6
2020-06-17,151.6
2020-06-18,151.6
2020-06-19,151.6
2020-06-20,151.6
2020-06-21,151.6
2020-06-22,151.6
2020-06-23,151.6
2020-06-24,151.6
2020-06-25,151.6
2020-06-26,151.6
2020-06-27,151.6
2020-06-28,151.6
2020-06-29,151.6
2020-06-30,151.6
2020-07-01,151.5
2020-07-02,151.5
2020-07-03,151.5
2020-07-04,151.5
2020-07-05,151.5
2020-07-06,151.5
2020-07-07,151.5
2020-07-08,151.5
2020-07-09,151.5
2020-07-10,151.5
2020-07-11,151.5
2020-07-12,151.5
2020-07-13,151.5
2020-07-14,151.5
2020-07-15,151.5
2020-07-16,151.5
2020-07-17,151.5
2020-07-18,151.5
2020-07-19,151.5
2020-07-20,151.5
2020-07-21,151.5
2020-07-22,151.5
2020-07-23,151.5
2020-07-24,151.5
2020-07-25,151.5
2020-07-26,151.5
2020-07-27,151.5
2020-07-28,151.5
2020-07-29,151.5
2020-07-30,151.5
2020-07-31,151.5
2020-08-01,151.6
2020-08-02,151.6
2020-08-03,151.6
2020-08-04,151.6
2020-08-05,151.6
2020-08-06,151.6
2020-08-07,151.6
2020-08-08,151.6
2020-08-09,151.6
2020-08-10,151.6
2020-08-11,151.6
2020-08-12,151.6
2020-08-13,151.6
2020-08-14,151.6
2020-08-15,151.6
2020-08-16,151.6
2020-08-17,151.6
2020-08-18,151.6
2020-08-19,151.6
2020-08-20,151.6
2020-08-21,151.6
2020-08-22,151.6
2020-08-23,151.6
2020-08-24,151.6
2020-08-25,151.6
2020-08-26,151.6
2020-08-27,151.6
2020-08-28,151.6
2020-08-29,151.6
2020-08-30,151.6
2020-08-31,151.6
2020-09-01,151.5
2020-09-02,151.5
2020-09-03,151.5
2020-09-04,151.5
2020-09-05,151.5
2020-09-06,151.5
2020-09-07,151.5
2020-09-08,151.5
2020-09-09,151.5
2020-09-10,151.5
2020-09-11,151.5
2020-09-12,151.5
2020-09-13,151.5
2020-09-14,151.5
2020-09-15,151.5
2020-09-16,151.5
2020-09-17,151.5
2020-09-18,151.5
2020-09-19,151.5
2020-09-20,151.5
2020-09-21,151.5
2020-09-22,151.5
2020-09-23,151.5
2020-09-24,151.5
2020-09-25,151.5
2020-09-26,151.5
2020-09-27,151.5
2020-09-28,151.5
2020-09-29,151.5
2020-09-30,151.5
2020-10-01,151.9
2020-10-02,151.9
2020-10-03,151.9
2020-10-04,151.9
2020-10-05,151.9
2020-10-06,151.9
2020-10-07,151.9
2020-10-08,151.9
2020-10-09,151.9
2020-10-10,151.9
2020-10-11,151.9
2020-10-12,151.9
2020-10-13,151.9
2020-10-14,151.9
2020-10-15,151.9
2020-10-16,151.9
2020-10-17,151.9
2020-10-18,151.9
2020-10-19,151.9
2020-10-20,151.9
2020-10-21,151.9
2020-10-22,151.9
2020-10-23,151.9
2020-10-24,151.9
2020-10-25,151.9
2020-10-26,151.9
2020-10-27,151.9
2020-10-28,151.9
2020-10-29,151.9
2020-10-30,151.9
2020-10-31,151.9
2020-11-01,152.1
2020-11-02,152.1
2020-11-03,152.1
2020-11-04,152.1
2020-11-05,152.1
2020-11-06,152.1
2020-11-07,152.1
2020-11-08,152.1
2020-11-09,152.1
2020-11-10,152.1
2020-11-11,152.1
2020-11-12,152.1
2020-11-13,152.1
2020-11-14,152.1
2020-11-15,152.1
2020-11-16,152.1
2020-11-17,152.1
2020-11-18,152.1
2020-11-19,152.1
2020-11-20,152.1
2020-11-21,152.1
2020-11-22,152.1
2020-11-23,152.1
2020-11-24,152.1
2020-11-25,152.1
2020-11-26,152.1
2020-11-27,152.1
2020-11-28,152.1
2020-11-29,152.1
2020-11-30,152.1
2020-12-01,152.1
2020-12-02,152.1
2020-12-03,152.1
2020-12-04,152.1
2020-12-05,152.1
2020-12-06,152.1
2020-12-07,152.1
2020-12-08,152.1
2020-12-09,152.1
2020-12-10,152.1
2020-12-11,152.1
2020-12-12,152.1
2020-12-13,152.1
2020-12-14,152.1
2020-12-15,152.1
2020-12-16,152.1
2020-12-17,152.1
2020-12-18,152.1
2020-12-19,152.1
2020-12-20,152.1
2020-12-21,152.1
2020-12-22,152.1
2020-12-23,152.1
2020-12-24,152.1
2020-12-25,152.1
2020-12-26,152.1
2020-12-27,152.1
2020-12-28,152.1
2020-12-29,152.1
2020-12-30,152.1
2020-12-31,152.1
2021-01-01,152.5
2021-01-02,152.5
2021-01-03,152.5
2021-01-04,152.5
2021-01-05,152.5
2021-01-06,152.5
2021-01-07,152.5
2021-01-08,152.5
2021-01-09,152.5
2021-01-10,152.5
2021-01-11,152.5
2021-01-12,152.5
2021-01-13,152.5
2021-01-14,152.5
2021-01-15,152.5
2021-01-16,152.5
2021-01-17,152.5
2021-01-18,152.5
2021-01-19,152.5
2021-01-20,152.5
2021-01-21,152.5
2021-01-22,152.5
2021-01-23,152.5
2021-01-24,152.5
2021-01-25,152.5
2021-01-26,152.5
2021-01-27,152.5
2021-01-28,152.5
2021-01-29,152.5
2021-01-30,152.5
2021-01-31,152.5
2021-02-01,152.6
2021-02-02,152.6
2021-02-03,152.6
2021-02-04,152.6
2021-02-05,152.6
2021-02-06,152.6
2021-02-07,152.6
2021-02-08,152.6
2021-02-09,152.6
2021-02-10,152.6
2021-02-11,152.6
2021-02-12,152.6
2021-02-13,152.6
2021-02-14,152.6
2021-02-15,152.6
2021-02-16,152.6
2021-02-17,152.6
2021-02-18,152.6
2021-02-19,152.6
2021-02-20,152.6
2021-02-21,152.6
2021-02-22,152.6
2021-02-23,152.6
2021-02-24,152.6
2021-02-25,152.6
2021-02-26,152.6
2021-02-27,152.6
2021-02-28,152.6
2021-03-01,152.9
2021-03-02,152.9
2021-03-03,152.9
2021-03-04,152.9
2021-03-05,152.9
2021-03-06,152.9
2021-03-07,152.9
2021-03-08,152.9
2021-03-09,152.9
2021-03-10,152.9
2021-03-11,152.9
2021-03-12,152.9
2021-03-13,152.9
2021-03-14,152.9
2021-03-15,152.9
2021-03-16,152.9
2021-03-17,152.9
2021-03-18,152.9
2021-03-19,152.9
2021-03-20,152.9
2021-03-21,152.9
2021-03-22,152.9
2021-03-23,152.9
2021-03-24,152.9
2021-03-25,152.9
2021-03-26,152.9
2021-03-27,152.9
2021-03-28,152.9
2021-03-29,152.9
2021-03-30,152.9
2021-03-31,152.9
2021-04-01,153.7
2021-04-02,153.7
2021-04-03,153.7
2021-04-04,153.7
2021-04-05,153.7
2021-04-06,153.7
2021-04-07,153.7
2021-04-08,153.7
2021-04-09,153.7
2021-04-10,153.7
2021-04-11,153.7
2021-04-12,153.7
2021-04-13,153.7
2021-04-14,153.7
2021-04-15,153.7
2021-04-16,153.7
2021-04-17,153.7
2021-04-18,153.7
2021-04-19,153.7
2021-04-20,153.7
2021-04-21,153.7
2021-04-22,153.7
2021-04-23,153.7
2021-04-24,153.7
2021-04-25,153.7
2021-04-26,153.7
2021-04-27,153.7
2021-04-28,153.7
2021-04-29,153.7
2021-04-30,153.7
2021-05-01,154.0
2021-05-02,154.0
2021-05-03,154.0
2021-05-04,154.0
2021-05-05,154.0
2021-05-06,154.0
2021-05-07,154.0
2021-05-08,154.0
2021-05-09,154.0
2021-05-10,154.0
2021-05-11,154.0
2021-05-12,154.0
2021-05-13,154.0
2021-05-14,154.0
2021-05-15,154.0
2021-05-16,154.0
2021-05-17,154.0
2021-05-18,154.0
2021-05-19,154.0
2021-05-20,154.0
2021-05-21,154.0
2021-05-22,154.0
2021-05-23,154.0
2021-05-24,154.0
2021-05-25,154.0
2021-05-26,154.0
2021-05-27,154.0
2021-05-28,154.0
2021-05-29,154.0
2021-05-30,154.0
2021-05-31,154.0
2021-06-01,154.6
2021-06-02,154.6
2021-06-03,154.6
2021-06-04,154.6
2021-06-05,154.6
2021-06-06,154.6
2021-06-07,154.6
2021-06-08,154.6
2021-06-09,154.6
2021-06-10,154.6
2021-06-11,154.6
2021-06-12,154.6
2021-06-13,154.6
2021-06-14,154.6
2021-06-15,154.6
2021-06-16,154.6
2021-06-17,154.6
2021-06-18,154.6
2021-06-19,154.6
2021-06-20,154.6
2021-06-21,154.6
2021-06-22,154.6
2021-06-23,154.6
2021-06-24,154.6
2021-06-25,154.6
2021-06-26,154.6
2021-06-27,154.6
2021-06-28,154.6
2021-06-29,154.6
2021-06-30,154.6
2021-07-01,155.4
2021-07-02,155.4
2021-07-03,155.4
2021-07-04,155.4
2021-07-05,155.4
2021-07-06,155.4
2021-07-07,155.4
2021-07-08,155.4
2021-07-09,155.4
2021-07-10,155.4
2021-07-11,155.4
2021-07-12,155.4
2021-07-13,155.4
2021-07-14,155.4
2021-07-15,155.4
2021-07-16,155.4
2021-07-17,155.4
2021-07-18,155.4
2021-07-19,155.4
2021-07-20,155.4
2021-07-21,155.4
2021-07-22,155.4
2021-07-23,155.4
2021-07-24,155.4
2021-07-25,155.4
2021-07-26,155.4
2021-07-27,155.4
2021-07-28,155.4
2021-07-29,155.4
2021-07-30,155.4
2021-07-31,155.4
2021-08-01,155.7
2021-08-02,155.7
2021-08-03,155.7
2021-08-04,155.7
2021-08-05,155.7
2021-08-06,155.7
2021-08-07,155.7
2021-08-08,155.7
2021-08-09,155.7
2021-08-10,155.7
2021-08-11,155.7
2021-08-12,155.7
2021-08-13,155.7
2021-08-14,155.7
2021-08-15,155.7
2021-08-16,155.7
2021-08-17,155.7
2021-08-18,155.7
2021-08-19,155.7
2021-08-20,155.7
2021-08-21,155.7
2021-08-22,155.7
2021-08-23,155.7
2021-08-24,155.7
2021-08-25,155.7
2021-08-26,155.7
2021-08-27,155.7
2021-08-28,155.7
2021-08-29,155.7
2021-08-30,155.7
2021-08-31,155.7
2021-09-01,156.1
2021-09-02,156.1
2021-09-03,156.1
2021-09-04,156.1
2021-09-05,156.1
2021-09-06,156.1
2021-09-07,156.1
2021-09-08,156.1
2021-09-09,156.1
2021-09-10,156.1
2021-09-11,156.1
2021-09-12,156.1
2021-09-13,156.1
2021-09-14,156.1
2021-09-15,156.1
2021-09-16,156.1
2021-09-17,156.1
2021-09-18,156.1
2021-09-19,156.1
2021-09-20,156.1
2021-09-21,156.1
2021-09-22,156.1
2021-09-23,156.1
2021-09-24,156.1
2021-09-25,156.1
2021-09-26,156.1
2021-09-27,156.1
2021-09-28,156.1
2021-09-29,156.1
2021-09-30,156.1
2021-10-01,156.7
2021-10-02,156.7
2021-10-03,156.7
2021-10-04,156.7
2021-10-05,156.7
2021-10-06,156.7
2021-10-07,156.7
2021-10-08,156.7
2021-10-09,156.7
2021-10-10,156.7
2021-10-11,156.7
2021-10-12,156.7
2021-10-13,156.7
2021-10-14,156.7
2021-10-15,156.7
2021-10-16,156.7
2021-10-17,156.7
2021-10-18,156.7
2021-10-19,156.7
2021-10-20,156.7
2021-10-21,156.7
2021-10-22,156.7
2021-10-23,156.7
2021-10-24,156.7
2021-10-25,156.7
2021-10-26,156.7
2021-10-27,156.7
2021-10-28,156.7
2021-10-29,156.7
2021-10-30,156.7
2021-10-31,156.7
2021-11-01,156.5
2021-11-02,156.5
2021-11-03,156.5
2021-11-04,156.5
2021-11-05,156.5
2021-11-06,156.5
2021-11-07,156.5
2021-11-08,156.5
2021-11-09,156.5
2021-11-10,156.5
2021-11-11,156.5
2021-11-12,156.5
2021-11-13,156.5
2021-11-14,156.5
2021-11-15,156.5
2021-11-16,156.5
2021-11-17,156.5
2021-11-18,156.5
2021-11-19,156.5
2021-11-20,156.5
2021-11-21,156.5
2021-11-22,156.5
2021-11-23,156.5
2021-11-24,156.5
2021-11-25,156.5
2021-11-26,156.5
2021-11-27,156.5
2021-11-28,156.5
2021-11-29,156.5
2021-11-30,156.5
2021-12-01,157.2
2021-12-02,157.2
2021-12-03,157.2
2021-12-04,157.2
2021-12-05,157.2
2021-12-06,157.2
2021-12-07,157.2
2021-12-08,157.2
2021-12-09,157.2
2021-12-10,157.2
2021-12-11,157.2
2021-12-12,157.2
2021-12-13,157.2
2021-12-14,157.2
2021-12-15,157.2
2021-12-16,157.2
2021-12-17,157.2
2021-12-18,157.2
2021-12-19,157.2
2021-12-20,157.2
2021-12-21,157.2
2021-12-22,157.2
2021-12-23,157.2
2021-12-24,157.2
2021-12-25,157.2
2021-12-26,157.2
2021-12-27,157.2
2021-12-28,157.2
2021-12-29,157.2
2021-12-30,157.2
2021-12-31,157.2
2022-01-01,157.7
2022-01-02,157.7
2022-01-03,157.7
2022-01-04,157.7
2022-01-05,157.7
2022-01-06,157.7
2022-01-07,157.7
2022-01-08,157.7
2022-01-09,157.7
2022-01-10,157.7
2022-01-11,157.7
2022-01-12,157.7
2022-01-13,157.7
2022-01-14,157.7
2022-01-15,157.7
2022-01-16,157.7
2022-01-17,157.7
2022-01-18,157.7
2022-01-19,157.7
2022-01-20,157.7
2022-01-21,157.7
2022-01-22,157.7
2022-01-23,157.7
2022-01-24,157.7
2022-01-25,157.7
2022-01-26,157.7
2022-01-27,157.7
2022-01-28,157.7
2022-01-29,157.7
2022-01-30,157.7
2022-01-31,157.7
2022-02-01,158.4
2022-02-02,158.4
2022-02-03,158.4
2022-02-04,158.4
2022-02-05,158.4
2022-02-06,158.4
2022-02-07,158.4
2022-02-08,158.4
2022-02-09,158.4
2022-02-10,158.4
2022-02-11,158.4
2022-02-12,158.4
2022-02-13,158.4
2022-02-14,158.4
2022-02-15,158.4
2022-02-16,158.4
2022-02-17,158.4
2022-02-18,158.4
2022-02-19,158.4
2022-02-20,158.4
2022-02-21,158.4
2022-02-22,158.4
2022-02-23,158.4
2022-02-24,158.4
2022-02-25,158.4
2022-02-26,158.4
2022-02-27,158.4
2022-02-28,158.4
2022-03-01,159.4
2022-03-02,159.4
2022-03-03,159.4
2022-03-04,159.4
2022-03-05,159.4
2022-03-06,159.4
2022-03-07,159.4
2022-03-08,159.4
2022-03-09,159.4
2022-03-10,159.4
2022-03-11,159.4
2022-03-12,159.4
2022-03-13,159.4
2022-03-14,159.4
2022-03-15,159.4
2022-03-16,159.4
2022-03-17,159.4
2022-03-18,159.4
2022-03-19,159.4
2022-03-20,159.4
2022-03-21,159.4
2022-03-22,159.4
2022-03-23,159.4
2022-03-24,159.4
2022-03-25,159.4
2022-03-26,159.4
2022-03-27,159.4
2022-03-28,159.4
2022-03-29,159.4
2022-03-30,159.4
2022-03-31,159.4
2022-04-01,160.8
2022-04-02,160.8
2022-04-03,160.8
2022-04-04,160.8
2022-04-05,160.8
2022-04-06,160.8
2022-04-07,160.8
2022-04-08,160.8
2022-04-09,160.8
2022-04-10,160.8
2022-04-11,160.8
2022-04-12,160.8
2022-04-13,160.8
2022-04-14,160.8
2022-04-15,160.8
2022-04-16,160.8
2022-04-17,160.8
2022-04-18,160.8
2022-04-19,160.8
2022-04-20,160.8
2022-04-21,160.8
2022-04-22,160.8
2022-04-23,160.8
2022-04-24,160.8
2022-04-25,160.8
2022-04-26,160.8
2022-04-27,160.8
2022-04-28,160.8
2022-04-29,160.8
2022-04-30,160.8
2022-05-01,162.0
2022-05-02,162.0
2022-05-03,162.0
2022-05-04,162.0
2022-05-05,162.0
2022-05-06,162.0
2022-05-07,162.0
2022-05-08,162.0
2022-05-09,162.0
2022-05-10,162.0
2022-05-11,162.0
2022-05-12,162.0
2022-05-13,162.0
2022-05-14,162.0
2022-05-15,162.0
2022-05-16,162.0
2022-05-17,162.0
2022-05-18,162.0
2022-05-19,162.0
2022-05-20,162.0
2022-05-21,162.0
2022-05-22,162.0
2022-05-23,162.0
2022-05-24,162.0
2022-05-25,162.0
2022-05-26,162.0
2022-05-27,162.0
2022-05-28,162.0
2022-05-29,162.0
2022-05-30,162.0
2022-05-31,162.0
2022-06-01,162.7
2022-06-02,162.7
2022-06-03,162.7
2022-06-04,162.7
2022-06-05,162.7
2022-06-06,162.7
2022-06-07,162.7
2022-06-08,162.7
2022-06-09,162.7
2022-06-10,162.7
2022-06-11,162.7
2022-06-12,162.7
2022-06-13,162.7
2022-06-14,162.7
2022-06-15,162.7
2022-06-16,162.7
2022-06-17,162.7
2022-06-18,162.7
2022-06-19,162.7
2022-06-20,162.7
2022-06-21,162.7
2022-06-22,162.7
2022-06-23,162.7
2022-06-24,162.7
2022-06-25,162.7
2022-06-26,162.7
2022-06-27,162.7
2022-06-28,162.7
2022-06-29,162.7
2022-06-30,162.7
2022-07-01,164.2
2022-07-02,164.2
2022-07-03,164.2
2022-07-04,164.2
2022-07-05,164.2
2022-07-06,164.2
2022-07-07,164.2
2022-07-08,164.2
2022-07-09,164.2
2022-07-10,164.2
2022-07-11,164.2
2022-07-12,164.2
2022-07-13,164.2
2022-07-14,164.2
2022-07-15,164.2
2022-07-16,164.2
2022-07-17,164.2
2022-07-18,164.2
2022-07-19,164.2
2022-07-20,164.2
2022-07-21,164.2
2022-07-22,164.2
2022-07-23,164.2
2022-07-24,164.2
2022-07-25,164.2
2022-07-26,164.2
2022-07-27,164.2
2022-07-28,164.2
2022-07-29,164.2
2022-07-30,164.2
2022-07-31,164.2
2022-08-01,164.3
2022-08-02,164.3
2022-08-03,164.3
2022-08-04,164.3
2022-08-05,164.3
2022-08-06,164.3
2022-08-07,164.3
2022-08-08,164.3
2022-08-09,164.3
2022-08-10,164.3
2022-08-11,164.3
2022-08-12,164.3
2022-08-13,164.3
2022-08-14,164.3
2022-08-15,164.3
2022-08-16,164.3
2022-08-17,164.3
2022-08-18,164.3
2022-08-19,164.3
2022-08-20,164.3
2022-08-21,164.3
2022-08-22,164.3
2022-08-23,164.3
2022-08-24,164.3
2022-08-25,164.3
2022-08-26,164.3
2022-08-27,164.3
2022-08-28,164.3
2022-08-29,164.3
2022-08-30,164.3
2022-08-31,164.3
2022-09-01,164.8
2022-09-02,164.8
2022-09-03,164.8
2022-09-04,164.8
2022-09-05,164.8
2022-09-06,164.8
2022-09-07,164.8
2022-09-08,164.8
2022-09-09,164.8
2022-09-10,164.8
2022-09-11,164.8
2022-09-12,164.8
2022-09-13,164.8
2022-09-14,164.8
2022-09-15,164.8
2022-09-16,164.8
2022-09-17,164.8
2022-09-18,164.8
2022-09-19,164.8
2022-09-20,164.8
2022-09-21,164.8
2022-09-22,164.8
2022-09-23,164.8
2022-09-24,164.8
2022-09-25,164.8
2022-09-26,164.8
2022-09-27,164.8
2022-09-28,164.8
2022-09-29,164.8
2022-09-30,164.8
2022-10-01,165.2
2022-10-02,165.2
2022-10-03,165.2
2022-10-04,165.2
2022-10-05,165.2
2022-10-06,165.2
2022-10-07,165.2
2022-10-08,165.2
2022-10-09,165.2
2022-10-10,165.2
2022-10-11,165.2
2022-10-12,165.2
2022-10-13,165.2
2022-10-14,165.2
2022-10-15,165.2
2022-10-16,165.2
2022-10-17,165.2
2022-10-18,165.2
2022-10-19,165.2
2022-10-20,165.2
2022-10-21,165.2
2022-10-22,165.2
2022-10-23,165.2
2022-10-24,165.2
2022-10-25,165.2
2022-10-26,165.2
2022-10-27,165.2
2022-10-28,165.2
2022-10-29,165.2
2022-10-30,165.2
2022-10-31,165.2
2022-11-01,165.5
2022-11-02,165.5
2022-11-03,165.5
2022-11-04,165.5
2022-11-05,165.5
2022-11-06,165.5
2022-11-07,165.5
2022-11-08,165.5
2022-11-09,165.5
2022-11-10,165.5
2022-11-11,165.5
2022-11-12,165.5
2022-11-13,165.5
2022-11-14,165.5
2022-11-15,165.5
2022-11-16,165.5
2022-11-17,165.5
2022-11-18,165.5
2022-11-19,165.5
2022-11-20,165.5
2022-11-21,165.5
2022-11-22,165.5
2022-11-23,165.5
2022-11-24,165.5
2022-11-25,165.5
2022-11-26,165.5
2022-11-27,165.5
2022-11-28,165.5
2022-11-29,165.5
2022-11-30,165.5
2022-12-01,166.0
2022-12-02,166.0
2022-12-03,166.0
2022-12-04,166.0
2022-12-05,166.0
2022-12-06,166.0
2022-12-07,166.0
2022-12-08,166.0
2022-12-09,166.0
2022-12-10,166.0
2022-12-11,166.0
2022-12-12,166.0
2022-12-13,166.0
2022-12-14,166.0
2022-12-15,166.0
2022-12-16,166.0
2022-12-17,166.0
2022-12-18,166.0
2022-12-19,166.0
2022-12-20,166.0
2022-12-21,166.0
2022-12-22,166.0
2022-12-23,166.0
2022-12-24,166.0
2022-12-25,166.0
2022-12-26,166.0
2022-12-27,166.0
2022-12-28,166.0
2022-12-29,166.0
2022-12-30,166.0
2022-12-31,166.0
2023-01-01,166.1
2023-01-02,166.1
2023-01-03,166.1
2023-01-04,166.1
2023-01-05,166.1
2023-01-06,166.1
2023-01-07,166.1
2023-01-08,166.1
2023-01-09,166.1
2023-01-10,166.1
2023-01-11,166.1
2023-01-12,166.1
2023-01-13,166.1
2023-01-14,166.1
2023-01-15,166.1
2023-01-16,166.1
2023-01-17,166.1
2023-01-18,166.1
2023-01-19,166.1
2023-01-20,166.1
2023-01-21,166.1
2023-01-22,166.1
2023-01-23,166.1
2023-01-24,166.1
2023-01-25,166.1
2023-01-26,166.1
2023-01-27,166.1
2023-01-28,166.1
2023-01-29,166.1
2023-01-30,166.1
2023-01-31,166.1
2023-02-01,166.8
2023-02-02,166.8
2023-02-03,166.8
2023-02-04,166.8
2023-02-05,166.8
2023-02-06,166.8
2023-02-07,166.8
2023-02-08,166.8
2023-02-09,166.8
2023-02-10,166.8
2023-02-11,166.8
2023-02-12,166.8
2023-02-13,166.8
2023-02-14,166.8
2023-02-15,166.8
2023-02-16,166.8
2023-02-17,166.8
2023-02-18,166.8
2023-02-19,166.8
2023-02-20,166.8
2023-02-21,166.8
2023-02-22,166.8
2023-02-23,166.8
2023-02-24,166.8
2023-02-25,166.8
2023-02-26,166.8
2023-02-27,166.8
2023-02-28,166.8
2023-03-01,167.6
2023-03-02,167.6
2023-03-03,167.6
2023-03-04,167.6
2023-03-05,167.6
2023-03-06,167.6
2023-03-07,167.6
2023-03-08,167.6
2023-03-09,167.6
2023-03-10,167.6
2023-03-11,167.6
2023-03-12,167.6
2023-03-13,167.6
2023-03-14,167.6
2023-03-15,167.6
2023-03-16,167.6
2023-03-17,167.6
2023-03-18,167.6
2023-03-19,167.6
2023-03-20,167.6
2023-03-21,167.6
2023-03-22,167.6
2023-03-23,167.6
2023-03-24,167.6
2023-03-25,167.6
2023-03-26,167.6
2023-03-27,167.6
2023-03-28,167.6
2023-03-29,167.6
2023-03-30,167.6
2023-03-31,167.6
2023-04-01,168.5
2023-04-02,168.5
2023-04-03,168.5
2023-04-04,168.5
2023-04-05,168.5
2023-04-06,168.5
2023-04-07,168.5
2023-04-08,168.5
2023-04-09,168.5
2023-04-10,168.5
2023-04-11,168.5
2023-04-12,168.5
2023-04-13,168.5
2023-04-14,168.5
2023-04-15,168.5
2023-04-16,168.5
2023-04-17,168.5
2023-04-18,168.5
2023-04-19,168.5
2023-04-20,168.5
2023-04-21,168.5
2023-04-22,168.5
2023-04-23,168.5
2023-04-24,168.5
2023-04-25,168.5
2023-04-26,168.5
2023-04-27,168.5
2023-04-28,168.5
2023-04-29,168.5
2023-04-30,168.5
2023-05-01,169.4
2023-05-02,169.4
2023-05-03,169.4
2023-05-04,169.4
2023-05-05,169.4
2023-05-06,169.4
2023-05-07,169.4
2023-05-08,169.4
2023-05-09,169.4
2023-05-10,169.4
2023-05-11,169.4
2023-05-12,169.4
2023-05-13,169.4
2023-05-14,169.4
2023-05-15,169.4
2023-05-16,169.4
2023-05-17,169.4
2023-05-18,169.4
2023-05-19,169.4
2023-05-20,169.4
2023-05-21,169.4
2023-05-22,169.4
2023-05-23,169.4
2023-05-24,169.4
2023-05-25,169.4
2023-05-26,169.4
2023-05-27,169.4
2023-05-28,169.4
2023-05-29,169.4
2023-05-30,169.4
2023-05-31,169.4
2023-06-01,169.5
2023-06-02,169.5
2023-06-03,169.5
2023-06-04,169.5
2023-06-05,169.5
2023-06-06,169.5
2023-06-07,169.5
2023-06-08,169.5
2023-06-09,169.5
2023-06-10,169.5
2023-06-11,169.5
2023-06-12,169.5
2023-06-13,169.5
2023-06-14,169.5
2023-06-15,169.5
2023-06-16,169.5
2023-06-17,169.5
2023-06-18,169.5
2023-06-19,169.5
2023-06-20,169.5
2023-06-21,169.5
2023-06-22,169.5
2023-06-23,169.5
2023-06-24,169.5
2023-06-25,169.5
2023-06-26,169.5
2023-06-27,169.5
2023-06-28,169.5
2023-06-29,169.5
2023-06-30,169.5
2023-07-01,171.2
2023-07-02,171.2
2023-07-03,171.2
2023-07-04,171.2
2023-07-05,171.2
2023-07-06,171.2
2023-07-07,171.2
2023-07-08,171.2
2023-07-09,171.2
2023-07-10,171.2
2023-07-11,171.2
2023-07-12,171.2
2023-07-13,171.2
2023-07-14,171.2
2023-07-15,171.2
2023-07-16,171.2
2023-07-17,171.2
2023-07-18,171.2
2023-07-19,171.2
2023-07-20,171.2
2023-07-21,171.2
2023-07-22,171.2
2023-07-23,171.2
2023-07-24,171.2
2023-07-25,171.2
2023-07-26,171.2
2023-07-27,171.2
2023-07-28,171.2
2023-07-29,171.2
2023-07-30,171.2
2023-07-31,171.2
2023-08-01,171.3
2023-08-02,171.3
2023-08-03,171.3
2023-08-04,171.3
2023-08-05,171.3
2023-08-06,171.3
2023-08-07,171.3
2023-08-08,171.3
2023-08-09,171.3
2023-08-10,171.3
2023-08-11,171.3
2023-08-12,171.3
2023-08-13,171.3
2023-08-14,171.3
2023-08-15,171.3
2023-08-16,171.3
2023-08-17,171.3
2023-08-18,171.3
2023-08-19,171.3
2023-08-20,171.3
2023-08-21,171.3
2023-08-22,171.3
2023-08-23,171.3
2023-08-24,171.3
2023-08-25,171.3
2023-08-26,171.3
2023-08-27,171.3
2023-08-28,171.3
2023-08-29,171.3
2023-08-30,171.3
2023-08-31,171.3
2023-09-01,171.3
2023-09-02,171.3
2023-09-03,171.3
2023-09-04,171.3
2023-09-05,171.3
2023-09-06,171.3
2023-09-07,171.3
2023-09-08,171.3
2023-09-09,171.3
2023-09-10,171.3
2023-09-11,171.3
2023-09-12,171.3
2023-09-13,171.3
2023-09-14,171.3
2023-09-15,171.3
2023-09-16,171.3
2023-09-17,171.3
2023-09-18,171.3
2023-09-19,171.3
2023-09-20,171.3
2023-09-21,171.3
2023-09-22,171.3
2023-09-23,171.3
2023-09-24,171.3
2023-09-25,171.3
2023-09-26,171.3
2023-09-27,171.3
2023-09-28,171.3
2023-09-29,171.3
2023-09-30,171.3
2023-10-01,172.8
2023-10-02,172.8
2023-10-03,172.8
2023-10-04,172.8
2023-10-05,172.8
2023-10-06,172.8
2023-10-07,172.8
2023-10-08,172.8
2023-10-09,172.8
2023-10-10,172.8
2023-10-11,172.8
2023-10-12,172.8
2023-10-13,172.8
2023-10-14,172.8
2023-10-15,172.8
2023-10-16,172.8
2023-10-17,172.8
2023-10-18,172.8
2023-10-19,172.8
2023-10-20,172.8
2023-10-21,172.8
2023-10-22,172.8
2023-10-23,172.8
2023-10-24,172.8
2023-10-25,172.8
2023-10-26,172.8
2023-10-27,172.8
2023-10-28,172.8
2023-10-29,172.8
2023-10-30,172.8
2023-10-31,172.8
2023-11-01,173.1
2023-11-02,173.1
2023-11-03,173.1
2023-11-04,173.1
2023-11-05,173.1
2023-11-06,173.1
2023-11-07,173.1
2023-11-08,173.1
2023-11-09,173.1
2023-11-10,173.1
2023-11-11,173.1
2023-11-12,173.1
2023-11-13,173.1
2023-11-14,173.1
2023-11-15,173.1
2023-11-16,173.1
2023-11-17,173.1
2023-11-18,173.1
2023-11-19,173.1
2023-11-20,173.1
2023-11-21,173.1
2023-11-22,173.1
2023-11-23,173.1
2023-11-24,173.1
2023-11-25,173.1
2023-11-26,173.1
2023-11-27,173.1
2023-11-28,173.1
2023-11-29,173.1
2023-11-30,173.1
2023-12-01,173.1
2023-12-02,173.1
2023-12-03,173.1
2023-12-04,173.1
2023-12-05,173.1
2023-12-06,173.1
2023-12-07,173.1
2023-12-08,173.1
2023-12-09,173.1
2023-12-10,173.1
2023-12-11,173.1
2023-12-12,173.1
2023-12-13,173.1
2023-12-14,173.1
2023-12-15,173.1
2023-12-16,173.1
2023-12-17,173.1
2023-12-18,173.1
2023-12-19,173.1
2023-12-20,173.1
2023-12-21,173.1
2023-12-22,173.1
2023-12-23,173.1
2023-12-24,173.1
2023-12-25,173.1
2023-12-26,173.1
2023-12-27,173.1
2023-12-28,173.1
2023-12-29,173.1
2023-12-30,173.1
2023-12-31,173.1
2024-01-01,173.1
2024-01-02,173.1
2024-01-03,173.1
2024-01-04,173.1
2024-01-05,173.1
2024-01-06,173.1
2024-01-07,173.1
2024-01-08,173.1
2024-01-09,173.1
2024-01-10,173.1
2024-01-11,173.1
2024-01-12,173.1
2024-01-13,173.1
2024-01-14,173.1
2024-01-15,173.1
2024-01-16,173.1
2024-01-17,173.1
2024-01-18,173.1
2024-01-19,173.1
2024-01-20,173.1
2024-01-21,173.1
2024-01-22,173.1
2024-01-23,173.1
2024-01-24,173.1
2024-01-25,173.1
2024-01-26,173.1
2024-01-27,173.1
2024-01-28,173.1
2024-01-29,173.1
2024-01-30,173.1
2024-01-31,173.1
2024-02-01,173.8
2024-02-02,173.8
2024-02-03,173.8
2024-02-04,173.8
2024-02-05,173.8
2024-02-06,173.8
2024-02-07,173.8
2024-02-08,173.8
2024-02-09,173.8
2024-02-10,173.8
2024-02-11,173.8
2024-02-12,173.8
2024-02-13,173.8
2024-02-14,173.8
2024-02-15,173.8
2024-02-16,173.8
2024-02-17,173.8
2024-02-18,173.8
2024-02-19,173.8
2024-02-20,173.8
2024-02-21,173.8
2024-02-22,173.8
2024-02-23,173.8
2024-02-24,173.8
2024-02-25,173.8
2024-02-26,173.8
2024-02-27,173.8
2024-02-28,173.8
2024-02-29,173.8
2024-03-01,173.8
2024-03-02,173.8
2024-03-03,173.8
2024-03-04,173.8
2024-03-05,173.8
2024-03-06,173.8
2024-03-07,173.8
2024-03-08,173.8
2024-03-09,173.8
2024-03-10,173.8
2024-03-11,173.8
2024-03-12,173.8
2024-03-13,173.8
2024-03-14,173.8
2024-03-15,173.8
2024-03-16,173.8
2024-03-17,173.8
2024-03-18,173.8
2024-03-19,173.8
2024-03-20,173.8
2024-03-21,173.8
2024-03-22,173.8
2024-03-23,173.8
2024-03-24,173.8
2024-03-25,173.8
2024-03-26,173.8
2024-03-27,173.8
2024-03-28,173.8
2024-03-29,173.8
2024-03-30,173.8
2024-03-31,173.8
2024-04-01,173.5